window,rms,norm,relative_to_global_output
0,0.000914761854801327,0.001293668756261468,0.009979522787034512
1,0.0009241343359462917,0.0013069233391433954,0.009976619854569435
2,0.0009378475951962173,0.0013263167347759008,0.009963958524167538
3,0.0009417660185135901,0.0013318583369255066,0.00997364241629839
4,0.0009266334236599505,0.0013104575918987393,0.010001923888921738
5,0.0009176737512461841,0.0012977865990251303,0.00999427679926157
6,0.0009060903685167432,0.001281405333429575,0.01000436395406723
7,0.0009129809332080185,0.0012911499943584204,0.009986570104956627
8,0.0009297100477851927,0.001314808614552021,0.009952021762728691
9,0.0009390687337145209,0.0013280437560752034,0.009952740743756294
10,0.0009499415755271912,0.0013434202410280704,0.009962206706404686
11,0.0009448416531085968,0.0013362078461796045,0.009965704753994942
12,0.0009358290117233992,0.0013234621146693826,0.009970815852284431
13,0.000923448649700731,0.001305953599512577,0.009980796836316586
14,0.0009243572712875903,0.0013072387082502246,0.00997257698327303
15,0.000924336607567966,0.001307209488004446,0.009969789534807205
16,0.0009312955662608147,0.0013170507736504078,0.009971043094992638
17,0.000935121439397335,0.00132246152497828,0.009982126764953136
18,0.0009215972386300564,0.0013033353025093675,0.010013298131525517
19,0.0009086610516533256,0.0012850407510995865,0.01002506073564291
20,0.000908756977878511,0.0012851764913648367,0.01001969538629055
21,0.0009043855825439095,0.0012789943721145391,0.01000209804624319
22,0.0009214299498125911,0.0013030987465754151,0.009982618503272533
23,0.0009338802774436772,0.0013207060983404517,0.009958202950656414
24,0.0009289646986871958,0.0013137545902282,0.00999324582517147
25,0.0009166740346699953,0.001296372851356864,0.009984022937715054
26,0.0009177087340503931,0.0012978360755369067,0.009983285330235958
27,0.0009243229287676513,0.001307189930230379,0.009974605403840542
28,0.0009276914061047137,0.001311953761614859,0.00998463574796915
29,0.0005710860132239759,0.0008076376398093998,0.01396408211439848
30,0.0005715745501220226,0.0008083285065367818,0.013943955302238464
31,0.0005715112201869488,0.000808238924946636,0.01402193307876587
32,0.0005708194221369922,0.0008072605705820024,0.01404901035130024
33,0.0005710347322747111,0.0008075649966485798,0.014182252809405327
34,0.0005708644166588783,0.0008073241915553808,0.014195558615028858
35,0.0005709751276299357,0.0008074806537479162,0.01410885900259018
36,0.0005704620270989835,0.0008067551534622908,0.014048092998564243
37,0.0005707898526452482,0.0008072187774814665,0.014042205177247524
38,0.0005706387455575168,0.0008070050971582532,0.013873755931854248
39,0.0005708456155844033,0.0008072976488620043,0.013735122047364712
40,0.0005709777469746768,0.0008074845536611974,0.013724137097597122
41,0.0005710273399017751,0.0008075545774772763,0.013676617294549942
42,0.0005711257690563798,0.0008076938102021813,0.013659262098371983
43,0.0005704998620785773,0.0008068086463026702,0.01384133193641901
44,0.0005701723857782781,0.0008063454297371209,0.0139262480661273
45,0.0005704625509679317,0.0008067558519542217,0.01388542726635933
46,0.0005698224995285273,0.0008058507228270173,0.0138844670727849
47,0.000570325821172446,0.0008065624861046672,0.013817680068314075
48,0.0005708973621949553,0.0008073708740994334,0.013782894238829613
49,0.0005707554519176483,0.000807170057669282,0.013896212913095951
50,0.0005699407192878425,0.0008060179534368217,0.01395320426672697
51,0.0005707874661311507,0.0008072153432294726,0.013864908367395401
52,0.0005706720403395593,0.0008070521289482713,0.013796611689031124
53,0.000571429671254009,0.0008081235573627055,0.013769334182143211
54,0.0005714342114515603,0.0008081300184130669,0.01367662288248539
55,0.0005715886945836246,0.0008083484717644751,0.01377256028354168
56,0.0005711393896490335,0.0008077130769379437,0.013897138647735119
57,0.0005706394440494478,0.0008070060866884887,0.013895111158490181
58,0.0005707395612262189,0.0008071476477198303,0.013990627601742744
59,0.0005714272847399116,0.0008081202395260334,0.013983120210468769
60,0.0005714452709071338,0.0008081456762738526,0.013886293396353722
61,0.0005714956787414849,0.0008082169224508107,0.013916589319705963
62,0.0005710249533876777,0.0008075512014329433,0.013939833268523216
63,0.0005711181438528001,0.0008076829835772514,0.01392762828618288
64,0.0005705061485059559,0.00080681755207479,0.013948040083050728
65,0.0005706818192265928,0.0008070660405792296,0.013953212648630142
66,0.0005704709910787642,0.000806767784524709,0.013940288685262203
67,0.00057039107196033,0.000806654803454876,0.013936862349510193
68,0.0005703503265976906,0.0008065971778705716,0.01393849216401577
69,0.0005703233182430267,0.0008065589354373515,0.01387946680188179
70,0.0005701147019863129,0.0008062638808041811,0.013870437629520893
71,0.002667896216735244,0.003772974945604801,0.011437701992690563
72,0.0027106120251119137,0.0038333842530846596,0.011555906385183334
73,0.0026962568517774343,0.0038130830507725477,0.011534509249031544
74,0.002676482079550624,0.0037851170636713505,0.011521967127919197
75,0.002690332243219018,0.003804704174399376,0.011544332839548588
76,0.0026832183357328176,0.003794643562287092,0.011495410464704037
77,0.0027068760246038437,0.0038281006272882223,0.01153563056141138
78,0.002707595005631447,0.003829117864370346,0.011525299400091171
79,0.0027176635339856148,0.003843356855213642,0.01158437505364418
80,0.0027256677858531475,0.0038546761497855186,0.011536605656147003
81,0.0027107682544738054,0.0038336054421961308,0.011557119898498058
82,0.0027054802048951387,0.003826126689091325,0.01151690911501646
83,0.00269535300321877,0.003811804810538888,0.01156114973127842
84,0.002707097912207246,0.0038284147158265114,0.011569426394999027
85,0.0027066480834037066,0.003827778622508049,0.011569252237677574
86,0.0026872747112065554,0.00380038027651608,0.0115251699462533
87,0.0026956750079989433,0.0038122604601085186,0.011546009220182896
88,0.00267616449855268,0.003784668166190386,0.01149811316281557
89,0.0027085929177701473,0.003830529050901532,0.011529991403222084
90,0.0027126758359372616,0.003836302785202861,0.011558698490262032
91,0.002724983496591449,0.003853708738461137,0.011551988311111927
92,0.0027394923381507397,0.0038742271717637777,0.01156250573694706
93,0.0027440907433629036,0.003880730364471674,0.011583766900002956
94,0.0027370359748601913,0.003870753338560462,0.01161228772252798
95,0.002719965996220708,0.0038466129917651415,0.011574074625968933
96,0.002715940587222576,0.0038409202825278044,0.011551139876246452
97,0.0026930898893624544,0.0038086040876805782,0.01153589878231287
98,0.002680281875655055,0.0037904910277575254,0.011523899622261524
99,0.0026871387381106615,0.003800188424065709,0.011542361229658127
100,0.00267518637701869,0.003783284919336438,0.011515480466187
101,0.0026531098410487175,0.00375206395983696,0.01150173507630825
102,0.002662372775375843,0.0037651637103408575,0.011493169702589512
103,0.0026990030892193317,0.003816966898739338,0.011537311598658562
104,0.0027056930121034384,0.0038264277391135693,0.011535919271409512
105,0.002726172562688589,0.003855390241369605,0.011562297120690346
106,0.002725607715547085,0.0038545913994312286,0.011584422551095486
107,0.002746949903666973,0.0038847739342600107,0.011601682752370834
108,0.0027178653981536627,0.0038436418399214745,0.011520001105964184
109,0.0027321127709001303,0.0038637907709926367,0.01151668094098568
110,0.002726959530264139,0.0038565031718462706,0.011546079069375992
111,0.002720208140090108,0.0038469552528113127,0.011573340743780136
112,0.0027171524707227945,0.0038426341488957405,0.011566182598471642
113,0.0012534493580460548,0.0017726451624184847,0.010120647959411144
114,0.001273849280551076,0.001801494974642992,0.010140453465282917
115,0.00128638104069978,0.0018192174611613154,0.010140376165509224
116,0.001286300946958363,0.0018191041890531778,0.010130191221833229
117,0.0012773930793628097,0.0018065065378323197,0.010165360756218433
118,0.001272263820283115,0.0017992528155446053,0.010125414468348026
119,0.0012522443430498242,0.0017709409585222602,0.010121860541403294
120,0.0012531587854027748,0.0017722340999171138,0.010110907256603241
121,0.0012652109144255519,0.0017892783507704735,0.01013466902077198
122,0.0012738590594381094,0.0018015088280662894,0.01014768611639738
123,0.0012699039652943611,0.0017959153046831489,0.010131850838661194
124,0.001259550335817039,0.0017812730511650443,0.010116388089954853
125,0.0012528510997071862,0.0017717989394441247,0.010133465752005577
126,0.0012416160898283124,0.0017559104599058628,0.010124140419065952
127,0.001254573930054903,0.0017742355121299624,0.010119578801095486
128,0.0012727215653285384,0.001799900084733963,0.010160109028220177
129,0.00127651437651366,0.001805263920687139,0.010113023221492767
130,0.0012717520585283637,0.0017985288286581635,0.010145067237317562
131,0.0012890317011624575,0.0018229660345241427,0.010166330263018608
132,0.0012727441499009728,0.0017999320989474654,0.010166903026401997
133,0.001253036200068891,0.0017720608739182353,0.010135716758668423
134,0.0012568404199555516,0.0017774406587705016,0.010113736614584923
135,0.0012580722104758024,0.0017791828140616417,0.010141631588339806
136,0.0012431127252057195,0.0017580270068719983,0.010132492519915104
137,0.0012530795065686107,0.0017721221083775163,0.010119963437318802
138,0.0012606336968019605,0.0017828054260462523,0.010133996605873108
139,0.0012517737923189998,0.0017702755285426974,0.010131270624697208
140,0.0012556842993944883,0.0017758057219907641,0.010130957700312138
141,0.0012658463092520833,0.0017901769606396556,0.01013021357357502
142,0.0012472533853724599,0.0017638825811445713,0.010118882171809673
143,0.0012493038084357977,0.0017667823703959584,0.010121425613760948
144,0.0012643334921449423,0.001788037596270442,0.01013006828725338
145,0.001266220468096435,0.0017907061846926808,0.010129332542419434
146,0.0012487877393141389,0.0017660525627434254,0.0101165771484375
147,0.0012601636117324233,0.0017821404617279768,0.010110472328960896
148,0.0012555933790281415,0.0017756770830601454,0.010134915821254253
149,0.0012390738120302558,0.001752314972691238,0.010122755542397499
150,0.0012372315395623446,0.001749709714204073,0.010106582194566727
151,0.0012495281407609582,0.0017670996021479368,0.010125893168151379
152,0.0012572238920256495,0.0017779831541702151,0.010116356424987316
153,0.001265348051674664,0.001789472415111959,0.010130289942026138
154,0.0012731058523058891,0.0018004435114562511,0.01015267800539732
155,0.0019643292762339115,0.0027779811061918736,0.010806355625391006
156,0.001971176592633128,0.0027876647654920816,0.010809194296598434
157,0.001969030126929283,0.0027846291195601225,0.01082602795213461
158,0.00197106646373868,0.002787509001791477,0.010815497487783432
159,0.001970363315194845,0.0027865145821124315,0.010828672908246517
160,0.0019656375516206026,0.002779831178486347,0.01083585899323225
161,0.001962259178981185,0.00277505349367857,0.010806260630488396
162,0.001967672724276781,0.0027827094309031963,0.010834712535142899
163,0.001975458348169923,0.002793719759210944,0.010832570493221283
164,0.001961556961759925,0.002774060470983386,0.010824977420270443
165,0.0019720119889825583,0.002788846381008625,0.010828082449734211
166,0.0019730336498469114,0.0027902908623218536,0.010868464596569538
167,0.0019581210799515247,0.0027692012954503298,0.010833918116986752
168,0.0019680671393871307,0.0027832670602947474,0.010844907723367214
169,0.001968368887901306,0.002783693838864565,0.01082497090101242
170,0.0019686908926814795,0.002784149255603552,0.010815304704010487
171,0.0019725230522453785,0.002789568854495883,0.010839967988431454
172,0.001972018973901868,0.002788855927065015,0.010838844813406467
173,0.00197304948233068,0.002790313446894288,0.010838041082024574
174,0.0019585415720939636,0.0027697959449142218,0.01083635725080967
175,0.0019654359202831984,0.002779546193778515,0.010828229598701
176,0.00196253159083426,0.002775438828393817,0.01081202831119299
177,0.001955755753442645,0.0027658564504235983,0.010827381163835526
178,0.0019472253043204546,0.0027537925634533167,0.010818722657859325
179,0.0019524646922945976,0.0027612021658569574,0.010818825103342533
180,0.001946685602888465,0.0027530293446034193,0.010782084427773952
181,0.0019515809835866094,0.0027599523309618235,0.010786759667098522
182,0.0019506162498146296,0.002758587943390012,0.010777538642287254
183,0.0019502942450344563,0.002758132526651025,0.010815884917974472
184,0.0019601520616561174,0.0027720732614398003,0.010816635563969612
185,0.001956106862053275,0.0027663528453558683,0.010809681378304958
186,0.0019657204393297434,0.0027799487579613924,0.01080060750246048
187,0.0019862549379467964,0.002808988792821765,0.010830244980752468
188,0.0019907921086996794,0.0028154051396995783,0.010865321382880211
189,0.0019886682275682688,0.0028124016243964434,0.010871276259422302
190,0.0019800961017608643,0.0028002788312733173,0.01083290670067072
191,0.0019782972522079945,0.0027977346908301115,0.010861624032258987
192,0.00196518050506711,0.0027791850734502077,0.010820556432008743
193,0.0019672266207635403,0.002782078692689538,0.010823674499988556
194,0.001958755776286125,0.002770099090412259,0.010819905437529087
195,0.0019756206311285496,0.0027939495630562305,0.010845383629202843
196,0.0019692268688231707,0.0027849075850099325,0.01082299742847681
197,0.0008177655399776995,0.0011564951855689287,0.01023700088262558
198,0.0008239292656071484,0.0011652120156213641,0.010232478380203247
199,0.0008161759469658136,0.0011542470892891288,0.010239152237772942
200,0.0008202199824154377,0.0011599662248045206,0.010249074548482895
201,0.0008148510241881013,0.0011523733846843243,0.010265051387250423
202,0.0008138578850775957,0.0011509688338264823,0.010241757147014141
203,0.0008123282459564507,0.0011488056043162942,0.010230809450149536
204,0.0008198157302103937,0.0011593945091590285,0.010220605880022049
205,0.0008211492095142603,0.001161280320957303,0.010218891315162182
206,0.0008228534134104848,0.001163690467365086,0.01026157010346651
207,0.0008236957946792245,0.001164881745353341,0.010245995596051216
208,0.0008197298157028854,0.0011592729715630412,0.010265187360346317
209,0.0008159196004271507,0.0011538845719769597,0.010248260572552681
210,0.0008121203863993287,0.0011485116556286812,0.01027818862348795
211,0.0008179791620932519,0.0011567972833290696,0.01026400551199913
212,0.0008168839267455041,0.0011552482610568404,0.010258910246193409
213,0.0008192496025003493,0.0011585939209908247,0.010230520740151405
214,0.0008196659618988633,0.0011591827496886253,0.010225617326796055
215,0.0008169711218215525,0.0011553715448826551,0.010252445936203003
216,0.0008113151416182518,0.00114737288095057,0.01028429064899683
217,0.000807213073130697,0.0011415716726332903,0.010279434733092785
218,0.0008074354263953865,0.0011418862268328667,0.010254716500639915
219,0.0008120518759824336,0.0011484147980809212,0.010259198024868965
220,0.0008119430858641863,0.0011482610134407878,0.010248194448649883
221,0.0008141468861140311,0.0011513775680214167,0.010247629135847092
222,0.0008125552558340132,0.0011491266777738929,0.010308001190423965
223,0.0008063343702815473,0.0011403289390727878,0.010307710617780685
224,0.0008073021890595555,0.0011416977504268289,0.010265636257827282
225,0.0008100462728179991,0.0011455784551799297,0.010245811194181442
226,0.0008170382352545857,0.001155466539785266,0.01022331602871418
227,0.0008216244168579578,0.00116195238661021,0.010220021940767765
228,0.0008256196742877364,0.0011676024878397584,0.010198022238910198
229,0.0008204958285205066,0.0011603563325479627,0.01024420652538538
230,0.0008216987480409443,0.0011620575096458197,0.010243650525808334
231,0.0008191507076844573,0.0011584539897739887,0.010276220738887787
232,0.000812932790722698,0.0011496605584397912,0.010265970602631569
233,0.0008096195524558425,0.001144974958151579,0.010252799838781357
234,0.0008113157236948609,0.001147373695857823,0.010231897234916687
235,0.0008169695502147079,0.0011553694494068623,0.010236242786049843
236,0.0008156303083524108,0.0011534754885360599,0.010262422263622284
237,0.0008195439586415887,0.0011590102221816778,0.010236090049147606
238,0.0008156602852977812,0.001153517747297883,0.010261999443173409
239,0.0008062688866630197,0.0011402363888919353,0.01023863535374403
240,0.0008085929439403117,0.0011435231426730752,0.010160583071410656
241,0.0008113451767712831,0.001147415372543037,0.010094976983964443
242,0.0008128900662995875,0.0011496002553030849,0.010152873583137989
243,0.0008130535134114325,0.0011498313397169113,0.010123825632035732
244,0.0008207660284824669,0.0011607384076341987,0.010145281441509724
245,0.0008192295208573341,0.001158565515652299,0.010205649770796299
246,0.0008121986174955964,0.0011486222501844168,0.010141260921955109
247,0.0008149517234414816,0.0011525157606229186,0.010131496004760265
248,0.0008133381488732994,0.0011502339038997889,0.010199136100709438
249,0.0008103189757093787,0.0011459639063104987,0.010199067182838917
250,0.0008119373233057559,0.001148252747952938,0.010198070667684078
251,0.0008106859168037772,0.001146483002230525,0.01015249453485012
252,0.0008048254530876875,0.0011381950462237,0.010161037556827068
253,0.0008092623902484775,0.0011444698320701718,0.010234693996608257
254,0.0008180956356227398,0.001156961894594133,0.010191247798502445
255,0.0008143364102579653,0.0011516455560922623,0.010194474831223488
256,0.0008072431664913893,0.001141614280641079,0.010165545158088207
257,0.0008145141764543951,0.0011518970131874084,0.010122564621269703
258,0.0008130777860060334,0.0011498656822368503,0.010179015807807446
259,0.0008091249619610608,0.0011442754184827209,0.010152559727430344
260,0.0008134702802635729,0.001150420750491321,0.010173100046813488
261,0.0008152948576025665,0.0011530009796842933,0.010173906572163105
262,0.000808112439699471,0.0011428436264395714,0.010166646912693977
263,0.0008131234208121896,0.0011499301763251424,0.010191663168370724
264,0.0008159022545441985,0.001153860124759376,0.010205582715570927
265,0.0008070156909525394,0.0011412925086915493,0.010202720761299133
266,0.0008130418136715889,0.00114981469232589,0.010137888602912426
267,0.0008184572216123343,0.0011574733071029186,0.010181768797338009
268,0.0008210059022530913,0.0011610776418820024,0.010187213309109211
269,0.0008163750753737986,0.0011545285815373063,0.01016744039952755
270,0.0008207234204746783,0.0011606782209128141,0.010121243074536324
271,0.0008079088293015957,0.0011425557313486934,0.010188261978328228
272,0.000801211514044553,0.001133084180764854,0.010116413235664368
273,0.0008035162463784218,0.0011363435769453645,0.010206654667854309
274,0.0008057768573053181,0.0011395405745133758,0.01017364114522934
275,0.0008092386997304857,0.0011444363044574857,0.010155613534152508
276,0.0008174076792784035,0.0011559890117496252,0.01009994838386774
277,0.0008164534228853881,0.0011546395253390074,0.010115197859704494
278,0.0008130901260301471,0.0011498831445351243,0.010167747735977173
279,0.000803804665338248,0.001136751496233046,0.0102284150198102
280,0.0008011524914763868,0.001133000710979104,0.010276815854012966
281,0.0010328664211556315,0.0014606936601921916,0.009993275627493858
282,0.001020457479171455,0.0014431447489187121,0.009991628117859364
283,0.001031948602758348,0.001459395745769143,0.009937524795532227
284,0.0010532878804951906,0.0014895740896463394,0.00996274221688509
285,0.0010563436662778258,0.001493895542807877,0.009987497702240944
286,0.0010435024742037058,0.0014757353346794844,0.00998962577432394
287,0.0010436073644086719,0.0014758837642148137,0.009946412406861782
288,0.0010339110158383846,0.0014621710870414972,0.00998824555426836
289,0.0010389942908659577,0.0014693597331643105,0.009990410879254341
290,0.0010552197927609086,0.001492306124418974,0.009989040903747082
291,0.0010625636205077171,0.0015026918845251203,0.01000725757330656
292,0.001040085917338729,0.0014709036331623793,0.009996941313147545
293,0.0010305128525942564,0.0014573652297258377,0.009962703101336956
294,0.0010178344091400504,0.0014394352911040187,0.009936127811670303
295,0.001015005400404334,0.0014354343293234706,0.009924394078552723
296,0.0010327274212613702,0.0014604971511289477,0.009976742789149284
297,0.0010739951394498348,0.0015188585966825485,0.009984725154936314
298,0.0010500069474801421,0.0014849341241642833,0.010007343254983425
299,0.0010360071901232004,0.0014651353703811765,0.009957474656403065
300,0.001040337374433875,0.0014712591655552387,0.009975267574191093
301,0.0010237913811579347,0.0014478596858680248,0.009977033361792564
302,0.0010370399104431272,0.0014665959170088172,0.009959751740098
303,0.001060398994013667,0.0014996306272223592,0.009961853735148907
304,0.0010574067709967494,0.00149539893027395,0.009966735728085041
305,0.0010383797343820333,0.0014684905763715506,0.010004143230617046
306,0.0010324098402634263,0.0014600480208173394,0.009996379725635052
307,0.0010223559802398086,0.0014458297519013286,0.009987776167690754
308,0.0010151780443266034,0.0014356785686686635,0.009940922260284424
309,0.0010223382851108909,0.0014458047226071358,0.009902284480631351
310,0.001043234602548182,0.0014753566356375813,0.009942092932760715
311,0.001043948926962912,0.0014763666549697518,0.009980203583836555
312,0.0010531675070524216,0.0014894037740305066,0.009978195652365685
313,0.0010546424891799688,0.0014914897037670016,0.009995296597480774
314,0.0010391554096713662,0.0014695876743644476,0.009964058175683022
315,0.0010342169553041458,0.0014626036863774061,0.009973256848752499
316,0.0010458844481036067,0.0014791039284318686,0.009992631152272224
317,0.0010412023402750492,0.0014724823413416743,0.009975340217351913
318,0.0010500793578103185,0.0014850364532321692,0.009991046972572803
319,0.0010501283686608076,0.001485105836763978,0.01000041514635086
320,0.0010529381688684225,0.0014890792081132531,0.010042552836239338
321,0.001032044761814177,0.0014595316024497151,0.009984626434743404
322,0.001032024621963501,0.0014595033135265112,0.010011103004217148
323,0.0022603459656238556,0.003196612000465393,0.011137825436890125
324,0.0022160308435559273,0.003133940976113081,0.011084872297942638
325,0.0022477484308183193,0.0031787962652742863,0.011115098372101784
326,0.0022265498992055655,0.0031488172244280577,0.011124033480882645
327,0.0022561000660061836,0.0031906075309962034,0.01113214623183012
328,0.0023147594183683395,0.003273564390838146,0.011199773289263248
329,0.0022694040089845657,0.0032094218768179417,0.011154210194945335
330,0.0022399136796593666,0.003167716320604086,0.011117396876215935
331,0.002229224657639861,0.0031525995582342148,0.01117318868637085
332,0.0023047502618283033,0.003259408986195922,0.011184503324329853
333,0.002302273642271757,0.0032559065148234367,0.01115152146667242
334,0.00231793406419456,0.00327805383130908,0.011242024600505829
335,0.0022819421719759703,0.0032271535601466894,0.011140739545226097
336,0.0023017805069684982,0.0032552091870456934,0.011211994104087353
337,0.0023045248817652464,0.0032590902410447598,0.011161374859511852
338,0.002310361247509718,0.003267344320192933,0.0111763384193182
339,0.0022908265236765146,0.003239717800170183,0.011155134066939354
340,0.0022346347104758024,0.0031602508388459682,0.011196606792509556
341,0.002245107898488641,0.0031750621274113655,0.011101041920483112
342,0.002246946794912219,0.003177662380039692,0.01106810662895441
343,0.002299010753631592,0.0032512922771275043,0.011158368550240993
344,0.0023140173871070147,0.0032725147902965546,0.011255384422838688
345,0.002248886041343212,0.003180404892191291,0.01111124362796545
346,0.002301465952768922,0.0032547644805163145,0.011215451173484325
347,0.002280689077451825,0.003225381253287196,0.011140726506710052
348,0.0022765062749385834,0.0032194664236158133,0.011119694449007511
349,0.002297836123034358,0.003249631030485034,0.011064263060688972
350,0.002324833534657955,0.0032878112979233265,0.01120232604444027
351,0.0023029656149446964,0.003256885102018714,0.011160606518387794
352,0.002285467693582177,0.0032321391627192497,0.01115852128714323
353,0.002287574578076601,0.003235118929296732,0.011120671406388283
354,0.002299210289493203,0.003251574467867613,0.011176648549735546
355,0.0022734554950147867,0.0032151516061276197,0.0111562954261899
356,0.002247525379061699,0.0031784805469214916,0.011170907877385616
357,0.002233089879155159,0.003158066188916564,0.011115125380456448
358,0.002263183705508709,0.003200625069439411,0.011123279109597206
359,0.002289785537868738,0.0032382458448410034,0.01113169640302658
360,0.0023128665052354336,0.0032708870712667704,0.011191684752702713
361,0.0022682941053062677,0.0032078521326184273,0.011163336224853992
362,0.0022675369400531054,0.003206781344488263,0.011105747893452644
363,0.0022588944993913174,0.0031945588998496532,0.011161724105477333
364,0.0022386943455785513,0.0031659917440265417,0.01106693223118782
365,0.0015337918885052204,0.002169109182432294,0.010367822833359241
366,0.0015336987562477589,0.0021689776331186295,0.010414594784379005
367,0.0015073140384629369,0.0021316639613360167,0.01030837930738926
368,0.0015257169725373387,0.0021576895378530025,0.010386581532657146
369,0.0015515420818701386,0.002194211818277836,0.010409874841570854
370,0.0015438036061823368,0.002183268079534173,0.01040394976735115
371,0.0015297739300876856,0.002163426950573921,0.010338777676224709
372,0.0015329014277085662,0.0021678500343114138,0.01042225118726492
373,0.001534449984319508,0.002170040039345622,0.010389968752861023
374,0.0015390785411000252,0.002176585840061307,0.010396710596978664
375,0.0015413963701575994,0.002179863629862666,0.010382141917943954
376,0.0015287623973563313,0.002161996439099312,0.010358213447034359
377,0.0015171420527622104,0.002145563019439578,0.010353073477745056
378,0.0015473482199013233,0.002188280690461397,0.01037677563726902
379,0.0015510915545746684,0.002193574793636799,0.010423277504742146
380,0.001531311427243054,0.0021656013559550047,0.010397546924650669
381,0.0015338582452386618,0.0021692030131816864,0.01039380207657814
382,0.0015418899711221457,0.0021805614233016968,0.010438969358801842
383,0.0015277500497177243,0.002160564996302128,0.010431296192109585
384,0.0015333595219999552,0.0021684980019927025,0.010375965386629105
385,0.001536217867396772,0.0021725401747971773,0.010381478816270828
386,0.0015406187158077955,0.0021787637379020452,0.010365620255470276
387,0.0015289842849597335,0.0021623102948069572,0.010398871265351772
388,0.0015234340680763125,0.002154461108148098,0.01037123054265976
389,0.0015179039910435677,0.002146640559658408,0.010327456519007683
390,0.0015402064891532063,0.0021781809628009796,0.010398289188742638
391,0.0015336385695263743,0.002168892649933696,0.010432454757392406
392,0.0015284190885722637,0.0021615109872072935,0.010364447720348835
393,0.0015432292129844427,0.002182455500587821,0.010396306402981281
394,0.0015436522662639618,0.0021830538753420115,0.01043621264398098
395,0.0015286396956071258,0.0021618229802697897,0.010388284921646118
396,0.0015303964028134942,0.0021643072832375765,0.010365724563598633
397,0.001524752820841968,0.002156326314434409,0.010402007959783077
398,0.0015099832089617848,0.002135438844561577,0.010392836295068264
399,0.0015103600453585386,0.002135971561074257,0.010377584956586361
400,0.0015136394649744034,0.0021406093146651983,0.010377446189522743
401,0.0015222567599266768,0.002152796136215329,0.010396045632660389
402,0.001546654850244522,0.002187300007790327,0.010415746830403805
403,0.00154922716319561,0.002190937986597419,0.010402160696685314
404,0.001549110165797174,0.0021907726768404245,0.010385637171566486
405,0.001554903225041926,0.0021989650558680296,0.010410631075501442
406,0.0015526714269071817,0.0021958090364933014,0.010390378534793854
407,0.0020036937203258276,0.0028336509130895138,0.010826672427356243
408,0.0020035505294799805,0.002833448350429535,0.010893491096794605
409,0.0020166696049273014,0.002852001693099737,0.010867430828511715
410,0.0020169317722320557,0.0028523721266537905,0.010922010987997055
411,0.002036181977018714,0.002879595849663019,0.010927688330411911
412,0.0020164544694125652,0.002851697150617838,0.010867215692996979
413,0.0020251190289855003,0.0028639507945626974,0.010849707759916782
414,0.0020419799257069826,0.002887795679271221,0.010843301191926003
415,0.002079213969409466,0.002940452191978693,0.010975521057844162
416,0.0020681165624409914,0.0029247584752738476,0.010905175469815731
417,0.002014630474150181,0.0028491176199167967,0.01088285818696022
418,0.001986559946089983,0.0028094202280044556,0.010846495628356934
419,0.0020264091435819864,0.002865775488317013,0.010889372788369656
420,0.0020507790613919497,0.0029002393130213022,0.010969407856464386
421,0.002043041866272688,0.002889297902584076,0.010951454751193523
422,0.002064353320747614,0.00291943596675992,0.010911508463323116
423,0.0020696502178907394,0.0029269272927194834,0.010893304832279682
424,0.00201993715018034,0.002856622450053692,0.010865292511880398
425,0.002036315854638815,0.0028797853738069534,0.010864561423659325
426,0.001988360658288002,0.002811966696754098,0.010890829376876354
427,0.0020248957443982363,0.002863634843379259,0.010858641937375069
428,0.0020560522098094225,0.0029076971113681793,0.010931783355772495
429,0.0020351847633719444,0.0028781858272850513,0.010960310697555542
430,0.002027920912951231,0.002867913106456399,0.0108668627217412
431,0.0020253045950084925,0.002864213427528739,0.010954208672046661
432,0.0020198728889226913,0.002856531646102667,0.01085673552006483
433,0.0020330329425632954,0.0028751427307724953,0.010876623913645744
434,0.0020037947688251734,0.0028337938711047173,0.010854016058146954
435,0.0020107647869735956,0.002843650756403804,0.010836812667548656
436,0.0020650920923799276,0.0029204811435192823,0.010994277894496918
437,0.002047319198027253,0.002895346377044916,0.010889158584177494
438,0.0020608564373105764,0.0029144908767193556,0.010882973670959473
439,0.0020528878085315228,0.0029032218735665083,0.01095937006175518
440,0.0020214137621223927,0.0028587107080966234,0.010915608145296574
441,0.002023626584559679,0.002861840184777975,0.010830980725586414
442,0.002044873544946313,0.002891887677833438,0.010887793265283108
443,0.002023926004767418,0.002862263470888138,0.010877692140638828
444,0.0020140421111136675,0.0028482857160270214,0.010826338082551956
445,0.002021251944825053,0.0028584820684045553,0.01083787064999342
446,0.00203603389672935,0.002879386767745018,0.010873782448470592
447,0.002047169953584671,0.002895135898143053,0.010868716053664684
448,0.002036909107118845,0.002880624495446682,0.010844792239367962
449,0.0010155071504414082,0.0014361438807100058,0.009983586147427559
450,0.0010185634018853307,0.0014404661487787962,0.00997320469468832
451,0.0010121040977537632,0.0014313312713056803,0.009983020834624767
452,0.0010084786918014288,0.001426204340532422,0.00998346321284771
453,0.0010047605028375983,0.001420946093276143,0.010043161921203136
454,0.001007271115668118,0.001424496527761221,0.009982713498175144
455,0.0010239632101729512,0.0014481027610599995,0.010012143291532993
456,0.0010061139473691583,0.0014228600775822997,0.009960674680769444
457,0.0009977166773751378,0.0014109844341874123,0.00994474720209837
458,0.0009991044644266367,0.0014129470800980926,0.009899944998323917
459,0.0010138120269402862,0.0014337467728182673,0.0099535146728158
460,0.0010077875340357423,0.0014252269174903631,0.009970436803996563
461,0.0010138071374967694,0.0014337397878989577,0.009962351061403751
462,0.001035973196849227,0.001465087290853262,0.01003875583410263
463,0.0010201137047261,0.0014426587149500847,0.010007858276367188
464,0.0010203028796240687,0.001442926237359643,0.010013187304139137
465,0.0010052812285721302,0.0014216824201866984,0.009977576322853565
466,0.0010139421792700887,0.0014339308254420757,0.009958784095942974
467,0.0010187749285250902,0.0014407653361558914,0.009992995299398899
468,0.001025650417432189,0.0014504888094961643,0.010043429210782051
469,0.001024301745928824,0.0014485815772786736,0.009996809996664524
470,0.0010340310400351882,0.001462340704165399,0.009977046400308609
471,0.0010209765750914812,0.0014438789803534746,0.009994800202548504
472,0.001015211339108646,0.001435725367628038,0.009979926981031895
473,0.001000398537144065,0.0014147772453725338,0.009984157979488373
474,0.0009991868864744902,0.0014130636118352413,0.009984618052840233
475,0.0010095558827742934,0.0014277276350185275,0.009944885037839413
476,0.0010210479376837611,0.0014439799124374986,0.009999699890613556
477,0.0010147133143618703,0.0014350214041769505,0.009998730383813381
478,0.0009970495011657476,0.001410040888004005,0.01000168640166521
479,0.0009849853813648224,0.0013929797569289804,0.009948613122105598
480,0.0009949904633685946,0.0014071291079744697,0.009970438666641712
481,0.0009967093355953693,0.001409559859894216,0.009965609759092331
482,0.0010112293530255556,0.001430094358511269,0.009972166270017624
483,0.0010136745404452085,0.0014335523592308164,0.010008915327489376
484,0.0010194474598392844,0.0014417164493352175,0.010026004165410995
485,0.0010234537767246366,0.0014473822666332126,0.010007682256400585
486,0.0010237341048195958,0.0014477786608040333,0.009987185709178448
487,0.0010289134224876761,0.0014551032800227404,0.009947700425982475
488,0.001030505751259625,0.0014573552180081606,0.009979679249227047
489,0.0010271893115714192,0.001452665077522397,0.00997150782495737
490,0.0010326295159757137,0.0014603586168959737,0.00994039885699749
491,0.002184230135753751,0.0030889681074768305,0.011107726953923702
492,0.0021579843014478683,0.0030518504790961742,0.01105428859591484
493,0.0021598876919597387,0.0030545422341674566,0.01096753217279911
494,0.0021777451038360596,0.003079796675592661,0.01107741054147482
495,0.0021584611386060715,0.003052525222301483,0.011095117777585983
496,0.002179152797907591,0.0030817873775959015,0.011136343702673912
497,0.0021514063701033592,0.003042548196390271,0.011058816686272621
498,0.002163088181987405,0.003059068461880088,0.011068479157984257
499,0.0021631845738738775,0.003059204900637269,0.011024584993720055
500,0.002238747663795948,0.0031660674139857292,0.011140327900648117
501,0.0021417257376015186,0.00302885752171278,0.01104419119656086
502,0.002166231395676732,0.003063513897359371,0.011105570010840893
503,0.0022008337546139956,0.0031124488450586796,0.01114570815116167
504,0.0021966579370200634,0.003106543328613043,0.011126665398478508
505,0.002209956292062998,0.0031253499910235405,0.011122112162411213
506,0.0021508128847926855,0.0030417086090892553,0.011091943830251694
507,0.002170041436329484,0.0030689018312841654,0.011017757467925549
508,0.0021993021946400404,0.0031102830544114113,0.011152115650475025
509,0.002138948068022728,0.0030249294359236956,0.01106541883200407
510,0.00217411364428699,0.0030746611300855875,0.011049529537558556
511,0.002170875668525696,0.003070081816986203,0.011062747798860073
512,0.0021721578668802977,0.003071894869208336,0.01096966303884983
513,0.0022182778920978308,0.003137118648737669,0.011118086986243725
514,0.0021885724272578955,0.0030951087828725576,0.011121835559606552
515,0.0021808163728564978,0.00308413989841938,0.011030133813619614
516,0.002142095472663641,0.0030293806921690702,0.011153891682624817
517,0.0021544047631323338,0.0030467885080724955,0.011086971499025822
518,0.002220266265794635,0.0031399305444210768,0.01113659143447876
519,0.0021836631931364536,0.0030881662387400866,0.011070669628679752
520,0.002121580531820655,0.003000367898494005,0.011083207093179226
521,0.002182591473683715,0.003086650278419256,0.011055701412260532
522,0.002190351253375411,0.0030976247508078814,0.011082595214247704
523,0.002179263159632683,0.0030819433741271496,0.011114931665360928
524,0.0021676216274499893,0.0030654799193143845,0.011053639464080334
525,0.002156924456357956,0.0030503517482429743,0.011024564504623413
526,0.0021525342017412186,0.003044143319129944,0.010948763228952885
527,0.002179537434130907,0.0030823315028101206,0.01096704788506031
528,0.002149388659745455,0.0030396946240216494,0.011060811579227448
529,0.0022005578503012657,0.0031120588537305593,0.011125944554805756
530,0.0022218762896955013,0.0031422076281160116,0.011098679155111313
531,0.0021852373611181974,0.003090392565354705,0.011066815815865993
532,0.0022001811303198338,0.0031115261372178793,0.01112788263708353
533,0.0018807563465088606,0.0026597913820296526,0.010703620500862598
534,0.001827261527068913,0.0025841379538178444,0.01061298418790102
535,0.001810321700759232,0.0025601815432310104,0.010632297955453396
536,0.001863405923359096,0.0026352538261562586,0.010747300460934639
537,0.0018591193947941065,0.0026291918475180864,0.010645171627402306
538,0.001919664558954537,0.0027148157823830843,0.010771755129098892
539,0.0018620496848598123,0.0026333362329751253,0.010661779902875423
540,0.0018672181759029627,0.0026406452525407076,0.010652818717062473
541,0.0018607793608680367,0.0026315394788980484,0.010627604089677334
542,0.0018736027413979173,0.0026496744249016047,0.010714053176343441
543,0.0018687747651711106,0.002642846666276455,0.010640686377882957
544,0.001883265096694231,0.0026633390225470066,0.010744744911789894
545,0.0018619367619976401,0.0026331760454922915,0.010685645043849945
546,0.0018639947520568967,0.0026360866613686085,0.010706176981329918
547,0.0018586301011964679,0.002628499874845147,0.010639230720698833
548,0.0019005414796993136,0.0026877715718001127,0.010768609121441841
549,0.0018779020756483078,0.002655754564329982,0.010729559697210789
550,0.001865886151790619,0.002638761419802904,0.01064359862357378
551,0.001878925715573132,0.0026572023052722216,0.010718999430537224
552,0.001869910629466176,0.002644452964887023,0.010783507488667965
553,0.0018910161452367902,0.0026743009220808744,0.01088359672576189
554,0.0018670140998438,0.0026403567753732204,0.010748332366347313
555,0.0019221050897613168,0.0027182670310139656,0.010763308964669704
556,0.0019019792089238763,0.0026898046489804983,0.010802275501191616
557,0.0018714583711698651,0.002646641805768013,0.010662319138646126
558,0.0018799895187839866,0.0026587066240608692,0.010682077147066593
559,0.0018708721036091447,0.0026458126958459616,0.010606796480715275
560,0.0018821287667378783,0.0026617320254445076,0.010706494562327862
561,0.0018800023244693875,0.0026587247848510742,0.010662371292710304
562,0.0018879000563174486,0.002669893903657794,0.010733692906796932
563,0.0018800405086949468,0.002658778801560402,0.010812116786837578
564,0.0018326984718441963,0.0025918269529938698,0.010679398663341999
565,0.001853104680776596,0.0026206858456134796,0.010726945474743843
566,0.0018381766276434064,0.0025995743926614523,0.010648838244378567
567,0.0018534426344558597,0.0026211636140942574,0.010646112263202667
568,0.001871637417934835,0.0026468951255083084,0.010705381631851196
569,0.0018880622228607535,0.002670123241841793,0.01077093556523323
570,0.001850577536970377,0.0026171118952333927,0.010664808563888073
571,0.0018657053587958217,0.002638505771756172,0.010635064914822578
572,0.0018615175504237413,0.0026325832586735487,0.01068252231925726
573,0.0018622968345880508,0.002633685478940606,0.010671674273908138
574,0.0018693869933485985,0.0026437125634402037,0.010638668201863766
575,0.000812805665191263,0.0011494808131828904,0.010349188931286335
576,0.0008115604287013412,0.0011477196821942925,0.010464352555572987
577,0.0007988084107637405,0.0011296856682747602,0.010487095452845097
578,0.0007957865600474179,0.0011254121782258153,0.010367780923843384
579,0.0008028805023059249,0.001135444501414895,0.010314444079995155
580,0.0007990679587237537,0.0011300527257844806,0.01037965901196003
581,0.0007981169619597495,0.0011287078959867358,0.010428745299577713
582,0.0007981266244314611,0.0011287215165793896,0.010261266492307186
583,0.0008032102487049997,0.0011359108611941338,0.010286279022693634
584,0.000799448462203145,0.0011305909138172865,0.01038424763828516
585,0.0007897144532762468,0.0011168248020112514,0.010312287136912346
586,0.0007838589954189956,0.001108543947339058,0.010253295302391052
587,0.0007870688568800688,0.0011130834463983774,0.0102424630895257
588,0.0008018634398467839,0.0011340061901137233,0.010163419879972935
589,0.0008117419201880693,0.0011479764943942428,0.010231668129563332
590,0.0008024980779737234,0.0011349036358296871,0.010240711271762848
591,0.0008023758418858051,0.001134730875492096,0.01023793499916792
592,0.000803253729827702,0.0011359723284840584,0.010305693373084068
593,0.000798557186499238,0.0011293303687125444,0.010262303985655308
594,0.0007943505188450217,0.0011233811965212226,0.010318400338292122
595,0.0008034256752580404,0.001136215403676033,0.010320610366761684
596,0.0008032871410250664,0.0011360195931047201,0.010318208485841751
597,0.0008054706268012524,0.0011391076259315014,0.010420792736113071
598,0.0008081710548140109,0.0011429263977333903,0.010409942828118801
599,0.0008038791711442173,0.0011368568520992994,0.010359754785895348
600,0.0008069270988926291,0.0011411672458052635,0.010364166460931301
601,0.0007997752400115132,0.0011310529662296176,0.010345551185309887
602,0.0007982804672792554,0.0011289389804005623,0.010351608507335186
603,0.0008084722212515771,0.001143352361395955,0.01037314161658287
604,0.00080582604277879,0.0011396099580451846,0.010355742648243904
605,0.0008094689692370594,0.0011447620345279574,0.010405593551695347
606,0.0008056212682276964,0.0011393205495551229,0.010301445610821247
607,0.0008098016260191798,0.00114523246884346,0.010353533551096916
608,0.0008031283505260944,0.001135795027948916,0.010370147414505482
609,0.0007969473372213542,0.001127053750678897,0.010409718379378319
610,0.0008020171080715954,0.0011342234211042523,0.010457431897521019
611,0.0008126352331601083,0.0011492398334667087,0.010375230573117733
612,0.0008132809889502823,0.0011501529952511191,0.010360999032855034
613,0.0008028754964470863,0.0011354374000802636,0.01039117295295
614,0.0007983691757544875,0.0011290644761174917,0.01030388567596674
615,0.0007890922715887427,0.0011159450514242053,0.010406574234366417
616,0.0007818975718691945,0.0011057701194658875,0.010431906208395958
617,0.0005833648610860109,0.0008250025566667318,0.015420901589095592
618,0.0005832178285345435,0.0008247945224866271,0.015548321418464184
619,0.0005837058997713029,0.0008254848071373999,0.01563560776412487
620,0.0005827011773362756,0.0008240638999268413,0.015577460639178753
621,0.0005829783622175455,0.0008244559285230935,0.015560486353933811
622,0.0005822650855407119,0.0008234471897594631,0.01532208826392889
623,0.0005817707278765738,0.0008227480575442314,0.015344567596912384
624,0.000581332657020539,0.0008221284369938076,0.01527944765985012
625,0.0005798458005301654,0.0008200257434509695,0.015232370235025883
626,0.0005796795012429357,0.00081979064270854,0.015299886465072632
627,0.0005792217561975121,0.0008191433153115213,0.015173588879406452
628,0.0005783390952274203,0.000817895052023232,0.015005857683718204
629,0.0005770139978267252,0.0008160210563801229,0.014866577461361885
630,0.0005762309301644564,0.0008149135974235833,0.015002164989709854
631,0.0005757308681495488,0.0008142064325511456,0.01504165306687355
632,0.0005770880961790681,0.0008161257137544453,0.015282277017831802
633,0.0005795927718281746,0.0008196679409593344,0.015438365750014782
634,0.0005798241472803056,0.0008199951844289899,0.015283794142305851
635,0.0005800831131637096,0.0008203613106161356,0.015041223727166653
636,0.0005807398702017963,0.0008212902466766536,0.014957521110773087
637,0.0005794145981781185,0.00081941595999524,0.014956098049879074
638,0.0005782546359114349,0.0008177754934877157,0.014921831898391247
639,0.0005789795541204512,0.0008188007050193846,0.015222273766994476
640,0.0005799845093861222,0.0008202219614759088,0.015407957136631012
641,0.0005801859078928828,0.0008205067715607584,0.015343890525400639
642,0.0005813882453367114,0.0008222071337513626,0.015338679775595665
643,0.0005818286444991827,0.0008228300139307976,0.015294126234948635
644,0.0005820150836370885,0.0008230935782194138,0.015277744270861149
645,0.0005836225464008749,0.0008253668784163892,0.015547797083854675
646,0.0005838523502461612,0.00082569190999493,0.015530893579125404
647,0.0005822737002745271,0.000823459355160594,0.015423675067722797
648,0.0005801224615424871,0.0008204170153476298,0.015378423035144806
649,0.0005770899588242173,0.0008161284495145082,0.015121744014322758
650,0.0005753091536462307,0.0008136100368574262,0.014854716137051582
651,0.0005766562535427511,0.0008155150571838021,0.014884688891470432
652,0.0005787599366158247,0.0008184901671484113,0.015015387907624245
653,0.0005813605966977775,0.0008221680764108896,0.015095735900104046
654,0.0005840801168233156,0.0008260140311904252,0.01523968018591404
655,0.0005845307605341077,0.0008266513468697667,0.015283112414181232
656,0.0005848567234352231,0.0008271123515442014,0.015453267842531204
657,0.0005863956757821143,0.0008292887359857559,0.015582038089632988
658,0.0005852647591382265,0.0008276893640868366,0.01554175466299057
