label,horizon,frame_rel_l2,delta_frame_rel_l2_pct_vs_baseline,velocity_rmse,tke_contrib_rel_l2,delta_tke_contrib_rel_l2_pct_vs_baseline,tke_contrib_ratio,correction_help_fraction
init,1,0.08120487846142334,95.60792184133993,0.010297523237104585,0.7781264523276497,29.692348272243873,0.7172658852712941,0.0
init,2,0.08086436354281422,55.541502479716954,0.01046228111562301,0.7621498185578108,22.760905171409785,0.6593986043775826,0.0
init,3,0.08405429185821359,37.82434546408759,0.01122438441521431,0.7888419475159265,24.890370114691272,0.6208460839981963,0.0
init,4,0.08684397467519014,26.750221833405732,0.011940240934575607,0.8046276515994741,22.966908949652648,0.5878598838014774,0.0
init,5,0.08804911097902446,21.501255645709133,0.012400280217970714,0.8102252572514604,19.947945840592478,0.5234253003424264,0.0
init,6,0.08717273867311244,15.271990128427502,0.012629743861269223,0.7896370695236615,13.643915508174064,0.4870219476250703,0.0
init,7,0.08894695139754252,13.19708506039515,0.013024655836134897,0.8015581605000094,11.819538899206952,0.4679823751618118,0.0
init,8,0.09116042059228917,12.149512673246377,0.013414495738263048,0.8149502614136939,10.409092948939858,0.4600561162971173,0.0
init,9,0.09276502574918523,11.007495942638082,0.01372113729520406,0.825051002858746,9.278900219023775,0.4541663957270087,0.0
init,10,0.094480688719321,10.229369915012974,0.014007175919795481,0.8330913128615738,8.632741067414583,0.4437857063788798,0.0
init,11,0.09620637502389366,9.698176182212912,0.014282878698906633,0.8351004130984769,8.89068030790944,0.4314933556187162,0.0
init,12,0.09806324690381958,9.414895694785267,0.014561201542224593,0.834428308668057,9.846969803195446,0.41344648831395614,0.0
init,13,0.09990767134829234,9.02806191185315,0.01485653311707026,0.8349659599892302,11.081572457415245,0.391137546715837,0.0
init,14,0.10214990092201628,9.22226883553851,0.015130812157086108,0.8341810863202301,12.310765609322928,0.37123789758268494,0.0
init,15,0.10459332204015155,9.705636545378859,0.015441684113462409,0.8329068264255955,13.182216225182074,0.36964844438199584,0.0
init,16,0.10756152724579704,10.617818148305625,0.01577045137252778,0.8540594267635402,16.239436442859624,0.3496184751211336,0.0
init,17,0.11009646199974377,10.899530615424531,0.016101847685759285,0.8586009544902934,15.981990035600186,0.3494785516832322,0.0
init,18,0.11308499102662592,11.65948372207876,0.01641105799972793,0.8730301859631624,16.413598052391404,0.3391924152152356,0.0
init,19,0.11556954168954672,11.74333773823572,0.016757113318590845,0.872718832773454,14.779098322290256,0.3019557756345162,0.0
init,20,0.1168886060764092,10.391307479923322,0.017119215551078905,0.8888393076736018,14.651099772756055,0.27071441725617523,0.0
control_best,1,0.041526627793150084,0.03016466006714477,0.00666220728800376,0.6001811282189607,0.03374088434882021,1.070320767700151,0.8414993286132812
control_best,2,0.05199763752334015,0.01674793982513785,0.00834013873860538,0.6210134247772633,0.027800693455589928,1.0128486785929973,0.7926910400390625
control_best,3,0.06099237476262186,0.009576478720339508,0.00984755484956011,0.6317379926702704,0.017490155731437324,0.9184282493479536,0.75936279296875
control_best,4,0.0685195263294991,0.005385458998522793,0.011138593402934448,0.6544071660862282,0.00952148259234527,0.8140973978027483,0.7317245483398438
control_best,5,0.0724708138412496,0.004358720622517685,0.011778811676559746,0.6755234340205043,0.00632238102997337,0.7522323005498825,0.7113258361816406
control_best,6,0.07562618851322048,0.003526199130403485,0.012232985998117504,0.6948618040508248,0.0039375013701599395,0.7259552053953067,0.6845817565917969
control_best,7,0.07857895096891294,0.0023953269567820405,0.012688270694595737,0.7168467595757798,0.002068555015886074,0.6964226897749447,0.6769966125488281
control_best,8,0.08128655455907366,0.0022534062163493333,0.01309470156222714,0.7381230581903188,0.0005781924904756327,0.6647206410154314,0.6699745178222656
control_best,9,0.08356821853518485,0.0021139977908551186,0.01341549229967243,0.7549956477610987,-7.549099691267955e-06,0.6453403193621601,0.6674163818359375
control_best,10,0.08571476453528644,0.002282108747796198,0.01371677895988362,0.766885121040534,-0.00035830851138628575,0.6266612713020797,0.6636062622070312
control_best,11,0.08770333722977532,0.002688354181259865,0.013999847309277958,0.7669079462533358,-0.001093651453148359,0.6096400672740292,0.6601425170898437
control_best,12,0.08962760062288862,0.0027521334831562302,0.014255524600646947,0.7596123965298555,-0.002050365549639956,0.5846782814314501,0.6586494445800781
control_best,13,0.09163719072715973,0.0025840778425509562,0.014534567277420439,0.7516517751359526,-0.002317311730808255,0.5593460459559461,0.65364990234375
control_best,14,0.09352698340547633,0.0023419767038111443,0.014784153608252434,0.742724292420134,-0.002607004295326556,0.5350914338608063,0.6535896301269531
control_best,15,0.09534216021021022,0.0022962408379859486,0.01501289081475217,0.7358773315351458,-0.0029479762451064886,0.512206838548029,0.6638694763183594
control_best,16,0.09723956360794753,0.0025626209657967514,0.015262909655823312,0.7347194238669802,-0.0030102149255312534,0.4904239823416132,0.6680282592773438
control_best,17,0.09927844833840652,0.0026079038087535094,0.015574897595686355,0.7402659940146479,-0.0029959290347056976,0.4659876891892214,0.67508544921875
control_best,18,0.10127934303102241,0.0026533308263304045,0.015837750015745646,0.7499155490421516,-0.003036890278726133,0.43443211775996,0.6777305603027344
control_best,19,0.10342727625576349,0.003070818086904327,0.016131921422758478,0.7603187111858271,-0.0036520007941347986,0.4008645524909878,0.6780441284179688
control_best,20,0.10588911880423527,0.003230982627155733,0.016457461812567124,0.7752262143168531,-0.0038170265799335997,0.3677747318196779,0.6695556640625
control_final,1,0.04151410520443525,0.0,0.006660880581641232,0.5999786901030155,0.0,1.0700266614670528,0.8415596008300781
control_final,2,0.05198893044855289,0.0,0.008339154896326565,0.6208408267221791,0.0,1.012509210403765,0.7928070068359375
control_final,3,0.060986534400132755,0.0,0.009846840965007663,0.631627520033374,0.0,0.9181049578853977,0.7594329833984375
control_final,4,0.06851583643722028,0.0,0.01113807381011869,0.6543448627540271,0.0,0.8138150030844762,0.7317848205566406
control_final,5,0.07246765517861868,0.0,0.011778353705795275,0.6754807275551242,0.0,0.751974068242297,0.7113243103027344
control_final,6,0.07562352187724966,0.0,0.012232563916821934,0.6948344449350351,0.0,0.7257142125247842,0.6846275329589844
control_final,7,0.07857706879120234,0.0,0.012687868734793693,0.716831931512905,0.0,0.6962007744913353,0.6770782470703125
control_final,8,0.08128472288407525,0.0,0.013094334832741635,0.7381187904429016,0.0,0.6645211494868437,0.6699020385742187
control_final,9,0.0835664519422369,0.0,0.013415136319650356,0.7549957047564771,0.0,0.6451569039982613,0.6674606323242187
control_final,10,0.08571280847578623,0.0,0.013716428762047116,0.7668878688650409,0.0,0.6264890014849757,0.663751220703125
control_final,11,0.08770097951682547,0.0,0.013999509642277004,0.7669163336449631,0.0,0.6094737901252041,0.6602676391601563
control_final,12,0.08962513401956594,0.0,0.0142552025146657,0.7596279716800922,0.0,0.584517864909177,0.6587013244628906
control_final,13,0.09163482281200738,0.0,0.014534266590893427,0.751669193654354,0.0,0.5591890083172202,0.6536827087402344
control_final,14,0.09352479307661019,0.0,0.014783851229782338,0.7427436557791435,0.0,0.5349392743263156,0.6536430358886719
control_final,15,0.09533997097486177,0.0,0.015012600084084431,0.7358990256636103,0.0,0.5120669350695487,0.6639198303222656
control_final,16,0.0972370717903593,0.0,0.015262597701121731,0.7347415411665165,0.0,0.4902953004041314,0.66810302734375
control_final,17,0.09927585931949015,0.0,0.015574557080393382,0.740288172522949,0.0,0.46586390918419796,0.6751564025878907
control_final,18,0.1012766558262935,0.0,0.01583739574212576,0.749938323846205,0.0,0.4343120742208924,0.6778457641601563
control_final,19,0.10342410028978558,0.0,0.016131517068447083,0.76034647904528,0.0,0.40074410265143795,0.6781272888183594
control_final,20,0.10588569765573937,0.0,0.01645705376001962,0.775255806037032,0.0,0.36766107818971233,0.6696769714355468
candidate_best,1,0.04076531532306173,-1.8036999176210688,0.006610951870571107,0.5945929549411563,-0.8976544085148304,1.0726561390953906,0.8470909118652343
candidate_best,2,0.05155566077177844,-0.8333883252382027,0.008331822402124036,0.6199420290196,-0.1447710369378239,1.0242511768951925,0.796722412109375
candidate_best,3,0.06058031184814918,-0.6660856465762554,0.009820775287610202,0.6341287699121573,0.39600077568677594,0.9232314451983793,0.7621513366699219
candidate_best,4,0.06814128369021752,-0.5466659483110313,0.011101190394388762,0.6540605479802482,-0.043450295090934184,0.8118036827137187,0.7314445495605468
candidate_best,5,0.07206935723031442,-0.5496216861474728,0.011733427848036455,0.6753887947694458,-0.013609979075372746,0.7451126124955105,0.7124397277832031
candidate_best,6,0.07524476288093626,-0.5008481315220845,0.012173235520420492,0.6946250022087501,-0.030142824353585836,0.7121871457719808,0.688311767578125
candidate_best,7,0.07822365651228193,-0.449765159679742,0.012623719945767112,0.7156085589661931,-0.17066379062242906,0.681106616860729,0.6804473876953125
candidate_best,8,0.08090521182249166,-0.46689100745883916,0.013024361857907589,0.7358525640386622,-0.30702732860650095,0.6509355779441205,0.6731376647949219
candidate_best,9,0.08316192437596329,-0.4840789059145793,0.013350294644852042,0.7519647697073202,-0.40145063476017956,0.6296137399370086,0.6709709167480469
candidate_best,10,0.08528075816911124,-0.5040673784444339,0.01366039611902306,0.7646300345632214,-0.2944151803002132,0.6077711317241642,0.6676445007324219
candidate_best,11,0.0872398114309784,-0.5258414311764764,0.013949938965209973,0.7657633485179985,-0.15034040564565215,0.5870004968190813,0.665618896484375
candidate_best,12,0.0891577442176473,-0.5214941177288571,0.014209780951059887,0.7591571714255868,-0.06197774069116057,0.5603293434177248,0.6624046325683594
candidate_best,13,0.0911495523572535,-0.5295699166128532,0.01448190420572603,0.7512693520541791,-0.053193825628403225,0.5351248127999367,0.6573883056640625
candidate_best,14,0.09302489952555834,-0.5345037766000295,0.014716496873363296,0.7416496161982448,-0.14729706169634713,0.5127711798715132,0.6576019287109375
candidate_best,15,0.09488091009474361,-0.4814988670797859,0.014940958405388855,0.7353570142067476,-0.07365296568696426,0.49103972549828956,0.6669456481933593
candidate_best,16,0.09679384931150603,-0.45581635758103267,0.015200288809626403,0.7346990422652017,-0.005784197426394169,0.473867744314826,0.67196044921875
candidate_best,17,0.09891370900966859,-0.3647919164880644,0.01551989177904023,0.7405739934245842,0.038609410800270846,0.455196053296932,0.6779312133789063
candidate_best,18,0.10092257164965332,-0.3496207233061616,0.01579177430053504,0.7502158832279127,0.037010961152670045,0.42881083396829534,0.6833984375
candidate_best,19,0.1031114998751668,-0.3022510360185876,0.016087288888662954,0.7625498187884674,0.28978101482813784,0.3931947031443273,0.6806434631347656
candidate_best,20,0.1055646794208384,-0.30317431155308233,0.016409892141258275,0.7768093356830115,0.20038929523414964,0.3559273150015106,0.6724044799804687
candidate_final,1,0.040759011291021274,-1.8188851950331875,0.0066103096520801485,0.5945405374729822,-0.906390963502322,1.0725841603797919,0.8471687316894532
candidate_final,2,0.05155164206452403,-0.8411182539359917,0.008331385172245251,0.6198995882771265,-0.1516070471753555,1.0241626115118398,0.796820068359375
candidate_final,3,0.06057784604954873,-0.6701288318870842,0.009820488766276118,0.6341034813645248,0.39199706355732805,0.9231427096764042,0.7622329711914062
candidate_final,4,0.06814001063650936,-0.5485239913188336,0.011101018497106178,0.654051198277298,-0.044879159819976075,0.8117300653037861,0.7314773559570312
candidate_final,5,0.0720686612091684,-0.5505821438086297,0.01173331957238226,0.6753855111065761,-0.014096101437680437,0.7450398967129269,0.7124824523925781
candidate_final,6,0.07524410333017033,-0.5017202818128412,0.01217312324648154,0.6946230089548278,-0.030429691813437718,0.7121082638659222,0.6882682800292969
candidate_final,7,0.07822316244012417,-0.45039393365331504,0.01262359314980513,0.715611890427129,-0.17019904277995157,0.6810289983749187,0.6805030822753906
candidate_final,8,0.08090506112282192,-0.46707640474432666,0.013024244791427842,0.7358588521697045,-0.3061754154559719,0.6508548083780912,0.67314453125
candidate_final,9,0.08316288099035088,-0.48293417095771646,0.013350207878686142,0.7519738011434066,-0.40025441125459676,0.6295328959351038,0.6710151672363281
candidate_final,10,0.08528209175359736,-0.5025115030626406,0.01366032592472528,0.7646365634228596,-0.29356383554653925,0.6076903434628114,0.6676727294921875
candidate_final,11,0.08724110119532573,-0.5243707927019362,0.013949888942526753,0.7657687486805778,-0.14963626591849954,0.5869197086469761,0.6656059265136719
candidate_final,12,0.08915887588203017,-0.5202314536388681,0.014209737559474843,0.7591644579683121,-0.06101851551818695,0.5602497610536176,0.66243896484375
candidate_final,13,0.091150692002464,-0.5283262352529348,0.014481886330286187,0.7512811831289106,-0.05161985201988771,0.5350488951585927,0.6572998046875
candidate_final,14,0.09302628765551017,-0.5330195392056789,0.014716518945004853,0.7416658220948754,-0.1451151653577443,0.5127008184933882,0.6575721740722656
candidate_final,15,0.09488181287744549,-0.4805519581467943,0.014940965556431736,0.735372258939899,-0.07158138621481439,0.4909728400731491,0.6668724060058594
candidate_final,16,0.09679469041982394,-0.45495134971682527,0.015200285995332593,0.7347119820421675,-0.004023064260400763,0.4738045813452892,0.6719223022460937
candidate_final,17,0.09891406266983646,-0.36443567664254956,0.015519863830183014,0.7405846751930066,0.04005233111413254,0.4551304623457483,0.677996826171875
candidate_final,18,0.10092301849439829,-0.3491795113197232,0.015791722755913756,0.7502240479537149,0.03809968079035364,0.428742553660793,0.6834877014160157
candidate_final,19,0.10311153000202258,-0.3022219065838587,0.01608725279186592,0.7625548417130791,0.290441624793478,0.3931463824648771,0.6806640625
candidate_final,20,0.10556410428722536,-0.3037174761407208,0.01640988077994654,0.7768178063509197,0.2014819239951662,0.3558877816648527,0.6724624633789062
