experiment,horizon,rel_l2,mvpe,velocity_squared_error,pred_speed_mean,pred_speed_std,target_speed_mean,target_speed_std
LOSS-E0-best,1,0.18031978607177734,0.1137181967496872,0.0011009396985173225,0.15926815569400787,0.11266321688890457,0.15705075860023499,0.118636853992939
LOSS-E0-best,2,0.16481506824493408,0.10354975610971451,0.0008439015364274383,0.1599300056695938,0.1143631562590599,0.15706518292427063,0.11862729489803314
LOSS-E0-best,3,0.15574316680431366,0.0978132113814354,0.00065733736846596,0.15641789138317108,0.11494994908571243,0.15707311034202576,0.11861002445220947
LOSS-E0-best,4,0.15075750648975372,0.08175826817750931,0.0006638174527324736,0.1573202759027481,0.11619704216718674,0.15707175433635712,0.11861182004213333
LOSS-E0-best,5,0.15339411795139313,0.0857599675655365,0.0007228588801808655,0.15829095244407654,0.1168229803442955,0.1570601910352707,0.11861609667539597
LOSS-E0-best,6,0.15526865422725677,0.08739494532346725,0.0007545024272985756,0.15980957448482513,0.1166326105594635,0.15706144273281097,0.11860432475805283
LOSS-E0-best,7,0.15703155100345612,0.08717606216669083,0.0007751266821287572,0.1596195101737976,0.1161898523569107,0.15705525875091553,0.11860621720552444
LOSS-E0-best,8,0.15876474976539612,0.08919156342744827,0.0007936625042930245,0.15936380624771118,0.11607251316308975,0.15705163776874542,0.11861393600702286
LOSS-E0-best,9,0.1594492793083191,0.08924228698015213,0.0007939580827951431,0.15832127630710602,0.11558143049478531,0.15701057016849518,0.1186184212565422
LOSS-E0-best,10,0.16040851175785065,0.09001267701387405,0.0007998970686458051,0.15871135890483856,0.11590687185525894,0.15702053904533386,0.11863715201616287
LOSS-E0-best,11,0.16179119050502777,0.0917123481631279,0.0008172120433300734,0.15950942039489746,0.11612994223833084,0.1570269912481308,0.11864618957042694
LOSS-E0-best,12,0.16325272619724274,0.09317578375339508,0.0008422717219218612,0.16007043421268463,0.11621876060962677,0.15701989829540253,0.11866055428981781
LOSS-E0-best,13,0.16446860134601593,0.09364629536867142,0.0008679950260557234,0.1604643613100052,0.11625014245510101,0.1570630818605423,0.1186748519539833
LOSS-E0-best,14,0.1659395396709442,0.0952528715133667,0.0008911793702282012,0.16090470552444458,0.1162554994225502,0.15705685317516327,0.11865032464265823
LOSS-E0-best,15,0.1664031445980072,0.09568153321743011,0.0008820042130537331,0.16011464595794678,0.11540515720844269,0.15705694258213043,0.11863084882497787
LOSS-E0-best,16,0.16711688041687012,0.09457551687955856,0.0008664260385558009,0.15898115932941437,0.11418434977531433,0.15708261728286743,0.11862760782241821
LOSS-E0-best,17,0.1650250256061554,0.0921715721487999,0.000824434740934521,0.15726709365844727,0.11510825902223587,0.157064288854599,0.11861063539981842
LOSS-E0-best,18,0.17068414390087128,0.09233017265796661,0.0009160330519080162,0.15631981194019318,0.11459840834140778,0.15705251693725586,0.11862937361001968
LOSS-E0-best,19,0.1849062293767929,0.10515603423118591,0.001162749482318759,0.15630842745304108,0.11498089879751205,0.15704819560050964,0.11866152286529541
LOSS-E0-best,20,0.24056078493595123,0.14319640398025513,0.0022426703944802284,0.1600542962551117,0.11561812460422516,0.15703967213630676,0.1186535581946373
LOSS-E1-best,1,0.10549739003181458,0.07381012290716171,0.0003206034598406404,0.15270811319351196,0.11477535963058472,0.15705075860023499,0.118636853992939
LOSS-E1-best,2,0.08735290914773941,0.04457512125372887,0.0002605990448500961,0.15494535863399506,0.11647689342498779,0.15706518292427063,0.11862729489803314
LOSS-E1-best,3,0.08613478392362595,0.03705732524394989,0.00027826553559862077,0.15563488006591797,0.11617203801870346,0.15707311034202576,0.11861002445220947
LOSS-E1-best,4,0.08783721178770065,0.03710184246301651,0.0003021570446435362,0.15706884860992432,0.11729974299669266,0.15707175433635712,0.11861182004213333
LOSS-E1-best,5,0.08932257443666458,0.03698578476905823,0.000322282052366063,0.15753419697284698,0.11803711950778961,0.1570601910352707,0.11861609667539597
LOSS-E1-best,6,0.08927546441555023,0.03697200492024422,0.00033218454336747527,0.15779231488704681,0.11737287789583206,0.15706144273281097,0.11860432475805283
LOSS-E1-best,7,0.09024909883737564,0.03658329322934151,0.0003450564981903881,0.15780040621757507,0.11720454692840576,0.15705525875091553,0.11860621720552444
LOSS-E1-best,8,0.09155645221471786,0.03739209100604057,0.0003635438624769449,0.15774661302566528,0.11726435273885727,0.15705163776874542,0.11861393600702286
LOSS-E1-best,9,0.09285062551498413,0.037406906485557556,0.0003757865051738918,0.15770858526229858,0.11725214123725891,0.15701057016849518,0.1186184212565422
LOSS-E1-best,10,0.09450415521860123,0.038703106343746185,0.0003862199082504958,0.15798784792423248,0.11717516928911209,0.15702053904533386,0.11863715201616287
LOSS-E1-best,11,0.0961398333311081,0.03977157920598984,0.00039689562981948256,0.15805403888225555,0.11686843633651733,0.1570269912481308,0.11864618957042694
LOSS-E1-best,12,0.09723201394081116,0.039584044367074966,0.00040612570592202246,0.1579797863960266,0.11670069396495819,0.15701989829540253,0.11866055428981781
LOSS-E1-best,13,0.09849932789802551,0.03982824832201004,0.0004188901511952281,0.15763212740421295,0.116566501557827,0.1570630818605423,0.1186748519539833
LOSS-E1-best,14,0.10031461715698242,0.041027944535017014,0.0004369863891042769,0.157969132065773,0.11697905510663986,0.15705685317516327,0.11865032464265823
LOSS-E1-best,15,0.1029980406165123,0.04382338002324104,0.000459568778751418,0.1581891030073166,0.11714181303977966,0.15705694258213043,0.11863084882497787
LOSS-E1-best,16,0.10699554532766342,0.0463893860578537,0.0004839312459807843,0.15734657645225525,0.11699975281953812,0.15708261728286743,0.11862760782241821
LOSS-E1-best,17,0.11061113327741623,0.04786160960793495,0.0005111013888381422,0.1563430279493332,0.11636900901794434,0.157064288854599,0.11861063539981842
LOSS-E1-best,18,0.11308614909648895,0.049311429262161255,0.0005296879098750651,0.1588943749666214,0.11627048254013062,0.15705251693725586,0.11862937361001968
LOSS-E1-best,19,0.11531952768564224,0.05217099189758301,0.0005529670161195099,0.16001111268997192,0.11719676107168198,0.15704819560050964,0.11866152286529541
LOSS-E1-best,20,0.11630501598119736,0.05273951590061188,0.0005717471358366311,0.15936091542243958,0.1169985830783844,0.15703967213630676,0.1186535581946373
LOSS-E2-best,1,0.09343964606523514,0.05260995402932167,0.0002834373153746128,0.1556372493505478,0.11538869142532349,0.15705075860023499,0.118636853992939
LOSS-E2-best,2,0.0855085477232933,0.03830648958683014,0.00025223687407560647,0.1569894254207611,0.1166524663567543,0.15706518292427063,0.11862729489803314
LOSS-E2-best,3,0.0850890502333641,0.03330840915441513,0.0002751723222900182,0.15733961760997772,0.11626964807510376,0.15707311034202576,0.11861002445220947
LOSS-E2-best,4,0.08866792917251587,0.03913739323616028,0.00030360359232872725,0.1574220508337021,0.11680745333433151,0.15707175433635712,0.11861182004213333
LOSS-E2-best,5,0.09098097681999207,0.03937440738081932,0.0003249369910918176,0.1573898196220398,0.11733683198690414,0.1570601910352707,0.11861609667539597
LOSS-E2-best,6,0.09054800122976303,0.039491645991802216,0.00033486870233900845,0.15759432315826416,0.11666010320186615,0.15706144273281097,0.11860432475805283
LOSS-E2-best,7,0.09148109704256058,0.038789600133895874,0.00035049853613600135,0.1574048399925232,0.11625437438488007,0.15705525875091553,0.11860621720552444
LOSS-E2-best,8,0.0928640216588974,0.039366427809000015,0.00036997601273469627,0.15734940767288208,0.11627643555402756,0.15705163776874542,0.11861393600702286
LOSS-E2-best,9,0.09386660903692245,0.038344115018844604,0.00038127589505165815,0.15727247297763824,0.11641870439052582,0.15701057016849518,0.1186184212565422
LOSS-E2-best,10,0.09532246738672256,0.03953191637992859,0.00039244230720214546,0.157444566488266,0.11631958186626434,0.15702053904533386,0.11863715201616287
LOSS-E2-best,11,0.09697742760181427,0.040729496628046036,0.0004040486237499863,0.15743836760520935,0.11593981832265854,0.1570269912481308,0.11864618957042694
LOSS-E2-best,12,0.09818713366985321,0.04068975895643234,0.00041280945879407227,0.15730619430541992,0.11577750742435455,0.15701989829540253,0.11866055428981781
LOSS-E2-best,13,0.09954390674829483,0.041232798248529434,0.00042593819671310484,0.15682055056095123,0.1156873032450676,0.1570630818605423,0.1186748519539833
LOSS-E2-best,14,0.10105593502521515,0.04213448241353035,0.00044302368769422174,0.15686331689357758,0.1158142164349556,0.15705685317516327,0.11865032464265823
LOSS-E2-best,15,0.1038537472486496,0.04505569487810135,0.00046270087477751076,0.15724706649780273,0.11623652279376984,0.15705694258213043,0.11863084882497787
LOSS-E2-best,16,0.10848484933376312,0.04816107824444771,0.0004919241182506084,0.15613208711147308,0.11599744111299515,0.15708261728286743,0.11862760782241821
LOSS-E2-best,17,0.11241191625595093,0.05095313861966133,0.000520955421961844,0.15486422181129456,0.11502552032470703,0.157064288854599,0.11861063539981842
LOSS-E2-best,18,0.112992063164711,0.04786260053515434,0.0005359490751288831,0.15658167004585266,0.11455442011356354,0.15705251693725586,0.11862937361001968
LOSS-E2-best,19,0.1148906797170639,0.04825041443109512,0.0005530018243007362,0.15753759443759918,0.11570645123720169,0.15704819560050964,0.11866152286529541
LOSS-E2-best,20,0.11643407493829727,0.05198631063103676,0.0005748816183768213,0.15686599910259247,0.11560188233852386,0.15703967213630676,0.1186535581946373
LOSS-E3-best,1,0.08389343321323395,0.04542849585413933,0.00023065993445925415,0.15542741119861603,0.11509258300065994,0.15705075860023499,0.118636853992939
LOSS-E3-best,2,0.07944557815790176,0.03568175807595253,0.00022108391567599028,0.15569078922271729,0.11625958234071732,0.15706518292427063,0.11862729489803314
LOSS-E3-best,3,0.08474268019199371,0.037459976971149445,0.00025478031602688134,0.15859831869602203,0.11661107838153839,0.15707311034202576,0.11861002445220947
LOSS-E3-best,4,0.08519741147756577,0.03476491570472717,0.0002808712306432426,0.1586260199546814,0.11730827391147614,0.15707175433635712,0.11861182004213333
LOSS-E3-best,5,0.08740025758743286,0.03747209534049034,0.0003033375833183527,0.1591103971004486,0.11821921169757843,0.1570601910352707,0.11861609667539597
LOSS-E3-best,6,0.0888131856918335,0.038886070251464844,0.0003183046355843544,0.15915539860725403,0.11745752394199371,0.15706144273281097,0.11860432475805283
LOSS-E3-best,7,0.09065903723239899,0.039557695388793945,0.00033583014737814665,0.15936656296253204,0.1176176518201828,0.15705525875091553,0.11860621720552444
LOSS-E3-best,8,0.09213925153017044,0.04023396968841553,0.00035354893771000206,0.15924383699893951,0.11760621517896652,0.15705163776874542,0.11861393600702286
LOSS-E3-best,9,0.09337422996759415,0.03989299386739731,0.00036596323479898274,0.1590382307767868,0.11749786138534546,0.15701057016849518,0.1186184212565422
LOSS-E3-best,10,0.09516660869121552,0.04141397401690483,0.0003773980133701116,0.15917198359966278,0.1174454465508461,0.15702053904533386,0.11863715201616287
LOSS-E3-best,11,0.09636717289686203,0.041840560734272,0.00038649243651889265,0.15904483199119568,0.11721396446228027,0.1570269912481308,0.11864618957042694
LOSS-E3-best,12,0.09720172733068466,0.04143616929650307,0.00039435108192265034,0.15882974863052368,0.1170647069811821,0.15701989829540253,0.11866055428981781
LOSS-E3-best,13,0.09865172952413559,0.04191901534795761,0.00040697481017559767,0.1586184799671173,0.11692516505718231,0.1570630818605423,0.1186748519539833
LOSS-E3-best,14,0.10035613179206848,0.042802076786756516,0.00042432808550074697,0.1587553471326828,0.11727441847324371,0.15705685317516327,0.11865032464265823
LOSS-E3-best,15,0.1022472158074379,0.04398053511977196,0.0004439067270141095,0.15870819985866547,0.11723490059375763,0.15705694258213043,0.11863084882497787
LOSS-E3-best,16,0.10535749047994614,0.044940631836652756,0.00046692939940840006,0.15803338587284088,0.11713051795959473,0.15708261728286743,0.11862760782241821
LOSS-E3-best,17,0.10750466585159302,0.04565713554620743,0.00048700408660806715,0.15710633993148804,0.11623349785804749,0.157064288854599,0.11861063539981842
LOSS-E3-best,18,0.1102212518453598,0.047651588916778564,0.0005041989497840405,0.1581941843032837,0.11618360877037048,0.15705251693725586,0.11862937361001968
LOSS-E3-best,19,0.111879363656044,0.04879032075405121,0.0005234249983914196,0.15876871347427368,0.11675358563661575,0.15704819560050964,0.11866152286529541
LOSS-E3-best,20,0.1126309484243393,0.04845348000526428,0.0005486315349116921,0.15783169865608215,0.1164514496922493,0.15703967213630676,0.1186535581946373
P0A-N2-2H-last,1,0.14724791049957275,0.08150739967823029,0.000905580585822463,0.15114139020442963,0.10939459502696991,0.15705075860023499,0.118636853992939
P0A-N2-2H-last,2,0.14597494900226593,0.08398332446813583,0.0008433879120275378,0.1502148061990738,0.11105093359947205,0.15706518292427063,0.11862729489803314
P0A-N2-2H-last,3,0.13929878175258636,0.07175657153129578,0.000759537739213556,0.15308377146720886,0.11264950037002563,0.15707311034202576,0.11861002445220947
P0A-N2-2H-last,4,0.13503724336624146,0.06716996431350708,0.0007364712073467672,0.1541341096162796,0.11302662640810013,0.15707175433635712,0.11861182004213333
P0A-N2-2H-last,5,0.1369345784187317,0.0686734989285469,0.000756588822696358,0.15438558161258698,0.11311038583517075,0.1570601910352707,0.11861609667539597
P0A-N2-2H-last,6,0.13784673810005188,0.06878790259361267,0.00076038803672418,0.15462325513362885,0.11317392438650131,0.15706144273281097,0.11860432475805283
P0A-N2-2H-last,7,0.13878081738948822,0.0699864849448204,0.0007792661781422794,0.1537662148475647,0.112947478890419,0.15705525875091553,0.11860621720552444
P0A-N2-2H-last,8,0.14038552343845367,0.07137429714202881,0.0008058698149397969,0.1536792814731598,0.11308759450912476,0.15705163776874542,0.11861393600702286
P0A-N2-2H-last,9,0.14161473512649536,0.0711367130279541,0.0008258532616309822,0.15414029359817505,0.11328694969415665,0.15701057016849518,0.1186184212565422
P0A-N2-2H-last,10,0.1419103890657425,0.06952846050262451,0.0008378481725230813,0.15474888682365417,0.11364416778087616,0.15702053904533386,0.11863715201616287
P0A-N2-2H-last,11,0.14189089834690094,0.06935982406139374,0.0008419782971031964,0.15441304445266724,0.11359881609678268,0.1570269912481308,0.11864618957042694
P0A-N2-2H-last,12,0.1428992748260498,0.07206553220748901,0.000850881973747164,0.15322232246398926,0.11342521756887436,0.15701989829540253,0.11866055428981781
P0A-N2-2H-last,13,0.1439725160598755,0.0734257772564888,0.0008592085796408355,0.15310510993003845,0.1136653870344162,0.1570630818605423,0.1186748519539833
P0A-N2-2H-last,14,0.14428527653217316,0.07111584395170212,0.0008697682642377913,0.1544335037469864,0.11465610563755035,0.15705685317516327,0.11865032464265823
P0A-N2-2H-last,15,0.14485540986061096,0.06985180079936981,0.0008865067502483726,0.15502645075321198,0.11487765610218048,0.15705694258213043,0.11863084882497787
P0A-N2-2H-last,16,0.1517457365989685,0.08138509094715118,0.000985784805379808,0.15157450735569,0.1130828857421875,0.15708261728286743,0.11862760782241821
P0A-N2-2H-last,17,0.15956909954547882,0.09395813196897507,0.0010483942460268736,0.1496810019016266,0.11224900931119919,0.157064288854599,0.11861063539981842
P0A-N2-2H-last,18,0.17372310161590576,0.10627109557390213,0.0011541281128302217,0.14917582273483276,0.11056571453809738,0.15705251693725586,0.11862937361001968
P0A-N2-2H-last,19,0.21824140846729279,0.13959349691867828,0.0021535351406782866,0.15216001868247986,0.11007675528526306,0.15704819560050964,0.11866152286529541
P0A-N2-2H-last,20,0.23946528136730194,0.13440798223018646,0.0024949354119598866,0.17089812457561493,0.11686770617961884,0.15703967213630676,0.1186535581946373
MF01-1500,1,0.1773177832365036,0.10538254678249359,0.001078448025509715,0.16345959901809692,0.11434341967105865,0.15705075860023499,0.118636853992939
MF01-1500,2,0.1691860556602478,0.09657570719718933,0.001015316927805543,0.16281576454639435,0.11654051393270493,0.15706518292427063,0.11862729489803314
MF01-1500,3,0.17195676267147064,0.10571305453777313,0.0010322813177481294,0.1644226461648941,0.11782220751047134,0.15707311034202576,0.11861002445220947
MF01-1500,4,0.1736101508140564,0.10805241763591766,0.0010579174850136042,0.16580358147621155,0.11774281412363052,0.15707175433635712,0.11861182004213333
MF01-1500,5,0.170915424823761,0.10500024259090424,0.0010701678693294525,0.16552796959877014,0.11905206739902496,0.1570601910352707,0.11861609667539597
MF01-1500,6,0.17267289757728577,0.10573368519544601,0.0010855159489437938,0.16555562615394592,0.11928718537092209,0.15706144273281097,0.11860432475805283
MF01-1500,7,0.17244571447372437,0.1031075268983841,0.0010944211389869452,0.16468364000320435,0.11902964860200882,0.15705525875091553,0.11860621720552444
MF01-1500,8,0.17306536436080933,0.10188817977905273,0.0011143111623823643,0.16413891315460205,0.11893998086452484,0.15705163776874542,0.11861393600702286
MF01-1500,9,0.17453132569789886,0.10203509777784348,0.0011347454274073243,0.16402624547481537,0.11892490088939667,0.15701057016849518,0.1186184212565422
MF01-1500,10,0.17564107477664948,0.10157769173383713,0.0011558544356375933,0.1641198843717575,0.11920734494924545,0.15702053904533386,0.11863715201616287
MF01-1500,11,0.17641200125217438,0.10078300535678864,0.001173954689875245,0.163944810628891,0.1191989928483963,0.1570269912481308,0.11864618957042694
MF01-1500,12,0.17582088708877563,0.0984889566898346,0.0011686403304338455,0.16328640282154083,0.11885378509759903,0.15701989829540253,0.11866055428981781
MF01-1500,13,0.1746862381696701,0.09771151840686798,0.0011517514940351248,0.16317515075206757,0.11864160001277924,0.1570630818605423,0.1186748519539833
MF01-1500,14,0.17553143203258514,0.1006019338965416,0.0011622770689427853,0.16399654746055603,0.1189834475517273,0.15705685317516327,0.11865032464265823
MF01-1500,15,0.17894293367862701,0.10508274286985397,0.001199851045385003,0.16486376523971558,0.11904856562614441,0.15705694258213043,0.11863084882497787
MF01-1500,16,0.1809883415699005,0.1035003662109375,0.0011990448692813516,0.16343075037002563,0.11710818856954575,0.15708261728286743,0.11862760782241821
MF01-1500,17,0.18441708385944366,0.1080172210931778,0.0012108365772292018,0.1641952395439148,0.11764979362487793,0.157064288854599,0.11861063539981842
MF01-1500,18,0.1898663491010666,0.09682013094425201,0.001312584150582552,0.16360853612422943,0.11753515899181366,0.15705251693725586,0.11862937361001968
MF01-1500,19,0.25715693831443787,0.16868719458580017,0.0026527175214141607,0.1725422441959381,0.12006879597902298,0.15704819560050964,0.11866152286529541
MF01-1500,20,0.28734487295150757,0.21031029522418976,0.0028504382353276014,0.18106845021247864,0.1206611916422844,0.15703967213630676,0.1186535581946373
MF-C02-C0-1500,1,0.15217576920986176,0.08759574592113495,0.0008193986141122878,0.16087201237678528,0.1127711683511734,0.15705075860023499,0.118636853992939
MF-C02-C0-1500,2,0.14406858384609222,0.07512809336185455,0.0007611328619532287,0.15890106558799744,0.11485601216554642,0.15706518292427063,0.11862729489803314
MF-C02-C0-1500,3,0.1465252935886383,0.08350836485624313,0.0007629326428286731,0.1605554074048996,0.11573132127523422,0.15707311034202576,0.11861002445220947
MF-C02-C0-1500,4,0.1467088758945465,0.0835404023528099,0.0007839795434847474,0.16175004839897156,0.11563586443662643,0.15707175433635712,0.11861182004213333
MF-C02-C0-1500,5,0.1458488404750824,0.08355299383401871,0.0007974955951794982,0.1617891788482666,0.11660662293434143,0.1570601910352707,0.11861609667539597
MF-C02-C0-1500,6,0.14696753025054932,0.08455251157283783,0.0008064085268415511,0.16160374879837036,0.11668818444013596,0.15706144273281097,0.11860432475805283
MF-C02-C0-1500,7,0.14707736670970917,0.08262412995100021,0.0008196496055461466,0.16076014935970306,0.11640407890081406,0.15705525875091553,0.11860621720552444
MF-C02-C0-1500,8,0.14825432002544403,0.0823533907532692,0.0008465543505735695,0.16036035120487213,0.11644875258207321,0.15705163776874542,0.11861393600702286
MF-C02-C0-1500,9,0.14969202876091003,0.08224716782569885,0.0008693039999343455,0.16024523973464966,0.11655621230602264,0.15701057016849518,0.1186184212565422
MF-C02-C0-1500,10,0.150971919298172,0.08257316052913666,0.0008844825206324458,0.16032885015010834,0.11671102046966553,0.15702053904533386,0.11863715201616287
MF-C02-C0-1500,11,0.15180571377277374,0.08167360723018646,0.0008960790582932532,0.1599062979221344,0.11658809334039688,0.1570269912481308,0.11864618957042694
MF-C02-C0-1500,12,0.1511574536561966,0.07829552888870239,0.0008922327542677522,0.15877105295658112,0.11630555987358093,0.15701989829540253,0.11866055428981781
MF-C02-C0-1500,13,0.14986522495746613,0.07628919929265976,0.0008754758164286613,0.15824784338474274,0.11615947633981705,0.1570630818605423,0.1186748519539833
MF-C02-C0-1500,14,0.14950096607208252,0.07712044566869736,0.0008731339476071298,0.15883931517601013,0.11627797037363052,0.15705685317516327,0.11865032464265823
MF-C02-C0-1500,15,0.15069307386875153,0.07855022698640823,0.0008922573179006577,0.15947045385837555,0.11633989214897156,0.15705694258213043,0.11863084882497787
MF-C02-C0-1500,16,0.15654341876506805,0.08179633319377899,0.0009338039089925587,0.1590958684682846,0.11532478034496307,0.15708261728286743,0.11862760782241821
MF-C02-C0-1500,17,0.16001653671264648,0.08869839459657669,0.0009496877901256084,0.16097389161586761,0.11565814912319183,0.157064288854599,0.11861063539981842
MF-C02-C0-1500,18,0.1674519181251526,0.08057749271392822,0.0010851252591237426,0.15851600468158722,0.11476703733205795,0.15705251693725586,0.11862937361001968
MF-C02-C0-1500,19,0.2502860128879547,0.17159482836723328,0.002779782749712467,0.16854806244373322,0.11757446080446243,0.15704819560050964,0.11866152286529541
MF-C02-C0-1500,20,0.2519579529762268,0.1712658405303955,0.0025285242591053247,0.17630350589752197,0.12016467750072479,0.15703967213630676,0.1186535581946373
RW-00-fixed-7500,1,0.1302156299352646,0.06866661459207535,0.0007245244923979044,0.16209012269973755,0.11777554452419281,0.15705075860023499,0.118636853992939
RW-00-fixed-7500,2,0.1258060485124588,0.061615511775016785,0.0006697780336253345,0.1613571047782898,0.1194717064499855,0.15706518292427063,0.11862729489803314
RW-00-fixed-7500,3,0.12654229998588562,0.07299946248531342,0.0006481984746642411,0.1643860638141632,0.12122748047113419,0.15707311034202576,0.11861002445220947
RW-00-fixed-7500,4,0.12466662377119064,0.07121466845273972,0.0006533849518746138,0.1647559553384781,0.1213536337018013,0.15707175433635712,0.11861182004213333
RW-00-fixed-7500,5,0.12651081383228302,0.0733579695224762,0.0006670472212135792,0.16511374711990356,0.12109275162220001,0.1570601910352707,0.11861609667539597
RW-00-fixed-7500,6,0.12710189819335938,0.07205427438020706,0.000673217058647424,0.1647929698228836,0.12109986692667007,0.15706144273281097,0.11860432475805283
RW-00-fixed-7500,7,0.12562093138694763,0.06624051928520203,0.0006781024858355522,0.16356433928012848,0.12081120908260345,0.15705525875091553,0.11860621720552444
RW-00-fixed-7500,8,0.1269342601299286,0.0664791464805603,0.0007011520210653543,0.1635865867137909,0.12090577185153961,0.15705163776874542,0.11861393600702286
RW-00-fixed-7500,9,0.12972454726696014,0.0703718438744545,0.0007343857432715595,0.16435012221336365,0.12113448977470398,0.15701057016849518,0.1186184212565422
RW-00-fixed-7500,10,0.1339222639799118,0.07610363513231277,0.0007757977000437677,0.16516120731830597,0.12144391983747482,0.15702053904533386,0.11863715201616287
RW-00-fixed-7500,11,0.13516201078891754,0.07570123672485352,0.0007795067504048347,0.16459882259368896,0.12126048654317856,0.1570269912481308,0.11864618957042694
RW-00-fixed-7500,12,0.13329248130321503,0.06945955753326416,0.0007669543265365064,0.16315391659736633,0.12105780839920044,0.15701989829540253,0.11866055428981781
RW-00-fixed-7500,13,0.13372421264648438,0.06889388710260391,0.0007815307471901178,0.16325320303440094,0.12143803387880325,0.1570630818605423,0.1186748519539833
RW-00-fixed-7500,14,0.13858626782894135,0.07577595114707947,0.0008472459157928824,0.16483813524246216,0.12249021232128143,0.15705685317516327,0.11865032464265823
RW-00-fixed-7500,15,0.14424458146095276,0.08170875161886215,0.0009152604616247118,0.16563542187213898,0.12334399670362473,0.15705694258213043,0.11863084882497787
RW-00-fixed-7500,16,0.1478956788778305,0.07432379573583603,0.0009764976566657424,0.16218622028827667,0.12248282134532928,0.15708261728286743,0.11862760782241821
RW-00-fixed-7500,17,0.14897142350673676,0.07535795122385025,0.0009551569237373769,0.1606961339712143,0.12133137136697769,0.157064288854599,0.11861063539981842
RW-00-fixed-7500,18,0.1514834761619568,0.07322394102811813,0.0009599775657989085,0.1614464819431305,0.1198090985417366,0.15705251693725586,0.11862937361001968
RW-00-fixed-7500,19,0.21030746400356293,0.1306573450565338,0.00215251836925745,0.16780325770378113,0.12166077643632889,0.15704819560050964,0.11866152286529541
RW-00-fixed-7500,20,0.2719699740409851,0.21836166083812714,0.003570776665583253,0.18844664096832275,0.13195103406906128,0.15703967213630676,0.1186535581946373
RW-01-random-phase-3000,1,0.29251953959465027,0.20807278156280518,0.0023441603407263756,0.13591022789478302,0.09769821912050247,0.15705075860023499,0.118636853992939
RW-01-random-phase-3000,2,0.2997475564479828,0.21437737345695496,0.0023196316324174404,0.1339605301618576,0.09565188735723495,0.15706518292427063,0.11862729489803314
RW-01-random-phase-3000,3,0.2772054374217987,0.19384033977985382,0.0021109222434461117,0.13482771813869476,0.097401924431324,0.15707311034202576,0.11861002445220947
RW-01-random-phase-3000,4,0.2777748107910156,0.1867721974849701,0.0021186175290495157,0.13513362407684326,0.09872443228960037,0.15707175433635712,0.11861182004213333
RW-01-random-phase-3000,5,0.28646886348724365,0.1982969492673874,0.0021386484149843454,0.13450489938259125,0.10152331739664078,0.1570601910352707,0.11861609667539597
RW-01-random-phase-3000,6,0.28168928623199463,0.19360573589801788,0.0020910915918648243,0.13570739328861237,0.10277663916349411,0.15706144273281097,0.11860432475805283
RW-01-random-phase-3000,7,0.2801142930984497,0.1925315111875534,0.002088152104988694,0.13563494384288788,0.10242000967264175,0.15705525875091553,0.11860621720552444
RW-01-random-phase-3000,8,0.27794408798217773,0.19000369310379028,0.0020760202314704657,0.13560478389263153,0.1017395481467247,0.15705163776874542,0.11861393600702286
RW-01-random-phase-3000,9,0.27748194336891174,0.1895335167646408,0.002095720497891307,0.1355411559343338,0.10130969434976578,0.15701057016849518,0.1186184212565422
RW-01-random-phase-3000,10,0.2783912718296051,0.18985605239868164,0.0020932673942297697,0.1358947455883026,0.10155422240495682,0.15702053904533386,0.11863715201616287
RW-01-random-phase-3000,11,0.2812863886356354,0.19193971157073975,0.0020899951923638582,0.13617806136608124,0.10193413496017456,0.1570269912481308,0.11864618957042694
RW-01-random-phase-3000,12,0.2837454080581665,0.1908627152442932,0.0020821711514145136,0.13663966953754425,0.102008156478405,0.15701989829540253,0.11866055428981781
RW-01-random-phase-3000,13,0.28463980555534363,0.18539997935295105,0.002088030567392707,0.13771748542785645,0.1018356904387474,0.1570630818605423,0.1186748519539833
RW-01-random-phase-3000,14,0.28540483117103577,0.17785778641700745,0.0021224648226052523,0.1387321799993515,0.10112915933132172,0.15705685317516327,0.11865032464265823
RW-01-random-phase-3000,15,0.27988559007644653,0.1610536426305771,0.002092344919219613,0.1407650262117386,0.10070639848709106,0.15705694258213043,0.11863084882497787
RW-01-random-phase-3000,16,0.2763112485408783,0.1542416512966156,0.0020847972482442856,0.1425512433052063,0.10221289843320847,0.15708261728286743,0.11862760782241821
RW-01-random-phase-3000,17,0.2730860114097595,0.15181049704551697,0.0021138584706932306,0.14066976308822632,0.10019522905349731,0.157064288854599,0.11861063539981842
RW-01-random-phase-3000,18,0.27863404154777527,0.17544132471084595,0.002162204822525382,0.13842123746871948,0.1017131581902504,0.15705251693725586,0.11862937361001968
RW-01-random-phase-3000,19,0.30499887466430664,0.23683279752731323,0.0026542178820818663,0.1323590874671936,0.09793271124362946,0.15704819560050964,0.11866152286529541
RW-01-random-phase-3000,20,0.3468485474586487,0.26717352867126465,0.004049490671604872,0.13004052639007568,0.09760309755802155,0.15703967213630676,0.1186535581946373
