filename	size_bytes	sha256
10125_0.h5	63007417	1d12c4e6a8bc0b8410c9921452fc262112244a386eba753e1ca4ec70fafc2b7a
10125_10.h5	92013762	7a83a11d7893d5976b753f6ffd1c4e68c6d59e89fbdece2e2014283d221e8de7
10125_15.h5	92081067	4f6beecc26513f2bbc65357ac9a92327324fe8e7ba8fa6f9265db4172d2fd183
10125_20.h5	97178191	31e64531053b583e2ce5dd38fd8513d9eb80ca3ab51db2a921909695af1623a2
10125_5.h5	89270360	6d5ba60d7c7044182e4151b071690205e121cc36c00ea16683fb0de58c5cf321
11400_0.h5	89574593	9e056bc6dc152dad856208785c918633aac4ac368e282eca96c09a408815f76d
11400_10.h5	92136887	c1b51797305343f1e79c58efefc95f690323a0780474cad03340e259b3b0a0ae
11400_15.h5	91973209	3c97281b99888046acdd3b4574eabd9bdcfcfca2ab91f6f2f5427afaa4690e79
11400_20.h5	97236776	46afe94cf6852748fed26a618697d23f9798a6a51f75071e8887601eeb58a6dc
11400_5.h5	89097843	eae6855bf81d00aa9b3f170b9aaf27e484231ef7f2818f14fa500815670b3034
12675_0.h5	89452813	7128d68c21a97a9e33869c6132138a40fdff1cb5564e5aca13485f86685b03ae
12675_10.h5	92320472	a624bb2861c25ec9eb8d48bcfe50dc7e942bc43a006bc39b12a7d5cdf2cc6853
12675_15.h5	91939932	4ea7232b777499e477216e4d32e64c88e179a8df18fa6f6a288966dd4d6e7070
12675_20.h5	97279539	c871349bb61d3eede206a53df0afd2ac8b93c68a13fbd348acf6e3a914f44fc9
12675_5.h5	89268658	143a9f3a70011f1b1f72de16b8c4d37f0ca372003c80fd93ea089c769122b7b4
13950_0.h5	89795144	b3ac171583865aea47b95abc10fc7fdad19ba03c877a3fa83399c4731eb608ce
13950_10.h5	92592923	6e1348479784dcd28c3e4a49833cb978c9cb9f32a10bb6a1316df9a51c18fabf
13950_15.h5	91904602	a97ae56e179173fa2fe093ee59ab005c26e5900aa8d6b4b9ceabaee022c0effd
13950_20.h5	97288709	0c8ae6f2ae41e11d1cd72fa9c2655d425112860d49fffdb1fefd2ed92644c86f
13950_5.h5	89639951	61bbec3206641def39cc8e985fc1938e901bc978feafd66df5102f020a5165fc
16500_0.h5	89259224	b58099698b02315f1c332f2e2dbfa1e16298af6a488ceb74e3b174d1d023564f
16500_10.h5	92649728	96a23573e6ab83ad7fd4ea476a1f00069bd1003fee5ebe0c61c0b75aca725d0f
16500_15.h5	91475354	bc8936272415cfa60038fe5e5f7b6f419bb00e56b70e07c5c9705fb9fb9e1f28
16500_20.h5	97127286	b56cb47b1f8d52427b58372d1b5ff737d2e6d984bc0aaa16d81b8f31022cf9d4
16500_5.h5	90488153	c27dc3642b2dc81188b80a39bce89435c66fdeeaf3cfe7ee1e2297996928c689
17775_10.h5	92850426	e3996791b5d5c4fea0de1f40442f2efd5f4c857768ac3ff1a2db7f4dd3296112
17775_15.h5	91228822	4d4b77c0340c84cd3b782fdad1cf10cf5637ff285ff8884dcd978f5fd2db633c
17775_20.h5	97166258	984e5103231860125a6c260964c3dd314d781013b353fb5267682fb8a00bc15e
17775_5.h5	90254067	2152659ded6f48f699f54ac74d6b6b588774e7c6e89df9aff9a1d26d24270657
19050_0.h5	88595842	3c85f08485e2eb87e94880899593abbfb7667c9d75057cbad89134b66e790ee1
19050_10.h5	92710610	fce769ea6eaba3ae9a4d60ce78028639d0795f37206273b799a616e5d7744c13
19050_15.h5	91055494	06d03ca19294d7bdd8f1ec5039e6846faf67ae1652ff8f743e1f12464cc67fcb
19050_20.h5	97128083	f15c91acb2e8a97ace41f6f20d12827ede428226dd8aa305f69e415ce6a0332f
19050_5.h5	89871804	56fe4a3aa535b4012ab05dc9b6244b239910ed1e28d13b4968ce709e68cf0c48
20325_0.h5	88336541	164fca40de703a3da96aadf07f8bf84faf1106abedc5abb427896d6a1bf29fb8
20325_10.h5	91928614	09e661919ebb203288aff07f869996b0a6411196c05324f9ef465e09964bba85
20325_15.h5	90887824	277b8a0ddca5252d0b86d31bb83720611d63e5b70f574fe9194e2bf542e4dbe1
20325_20.h5	97061234	75f89d57ffe30d5484e3fccad345b3246422645fbb9ab847bb0e624aba9948bf
20325_5.h5	89893029	5eea7900ae7da943a06c2bca51c0b90c3bcefa49ffb4d11163f7221c9d579993
21600_0.h5	88607458	fbe5f17041e68952e011ac578eb373918e590e100e47fee2d760ebb4ebb1d70c
21600_10.h5	92341341	f9d2c034130bfc3785746d13400a6efc61fde9b854d7b90e0f52a3fcc261e237
21600_15.h5	90881896	923568c263e8cd01efa5d98027d711443dcfec904a6d28afafe4b437491ef307
21600_20.h5	96832863	5739351414d7b71ee3d7f5f2dbfeb8da12a8cc1ec6b45f84f0a377fa3045e2db
21600_5.h5	50217770	205a90211468c6104b53e940d3315026885018b9e6ae515ca70858734aaa2fb9
22875_0.h5	89592012	f145130a019dbbaec8b27c327b7800dd6bf68811af4c9395f3bb8cacac8a5870
22875_10.h5	93564905	7e0f27818e76ea49e80eed0ce3d619091aa0b6673c812f934ca7af5b0a675933
22875_15.h5	90900977	4195982ba14b307f056350b050caf12ead3c95a34f3206d166353ed79b2965b5
24150_0.h5	89458613	c4edeb83f2da149c273926624f95715cdb0c57308717db011110408998f2cd23
24150_10.h5	94107124	27287f67b185af863b2870206631d8591920ac8d80af22bf461a3a929049e346
24150_15.h5	91316586	c38166b36ce6bef3cd900ff5ab5b8a33fe81b02838f7b818f65016ebb5051019
24150_20.h5	31684797	0c6ea71b22e51e0c86136ede1087078a1542e90b6adef0d7825053d502a63fd8
25425_0.h5	89466968	f3e323f33105329cb5c881b8c39dd455042136bc5218538e5285d463d5eb9b6e
25425_10.h5	94437585	209e3873073a0b8854c65694fd5cde3b47a61879b2935a302c686a1d3e552394
25425_15.h5	91367745	5025e588085d3fec84754b5ed2206041ca5f74aa3a70c428d067dbf7cb95292e
25425_20.h5	95989351	699e8ea486b27b2dc3cb061e439a309a37f41739d1d81f71c466171c188a74fb
26700_0.h5	89267574	59b6e08a8ed346ac7637f15da5e55cb9064c201fccfe4869ef925bc040f6768b
26700_10.h5	94547045	c220f2d2b3bac650a0e3c7245d7aba244b39ee03bee839454f6bc6b8dd66628f
26700_15.h5	90819839	20339febc2f913d5a21a3aa82353b3e500a668f636581f03fc8c9065884007bc
3750_0.h5	88807246	93a94befde427cf16f5f573e95f0f6ccf361d005cb26c81a9957a36d0bd12925
3750_10.h5	90143159	8f5b98cb990268f666aabb75633861d742ada00bcc1bd958ff1a3f844bf82d16
3750_20.h5	96746993	3d878f2e02e706680fd133e5d3bb53bad9ed59f3f5f723ef0c453f89d8b9b803
3750_5.h5	89215799	39336fb1328060bde20ef01885d73893c346917bccaf528345b2ea2365750e2f
5025_0.h5	89025197	1457edf37464f0f5cb5b9ecf2114acba730d3130cf98e472518b80d743cee961
5025_10.h5	90513518	692d07167000a46c9151c069e07b66bd1ea7cacf4c784acb1d96b35a5f385911
5025_15.h5	93200804	e14cf7df8035bdab43bc622c311c559df9835db7ad57c21a267caa0b3c4d4b36
5025_20.h5	96767872	61cfa9c9564c428768391743260605d58464391fdc1dd635fd395a69256efef8
5025_5.h5	89008493	5805077383d3f72c7ad841657ab1434d530a1951137f7d4099d48948c731535e
6300_0.h5	89445258	3e8a97159f2f00b20775fbd7754730a75caea47fc6c278929c24a2646f6f9c58
6300_10.h5	91030574	6206445eabf0c75291cf4266ba90ce1c9fb01eb94285030d58d3b4b9f4cbf12e
6300_15.h5	92326923	99ef17b2e951593103cb102c9b30263953c0feed460727ccad65e94e20034912
6300_20.h5	96931078	bdda0a511322ca88cd085d750d664df598ce7d02c95e8f550147b2f04983624f
6300_5.h5	89301441	63357cfa2af8f4cd3373d40af68bba1f80b299a228229d5349447fb58368be16
7575_0.h5	89445258	a1cb5dbdb09fddb9bf0edd9f12e70a07f7421ec79aac3d240330c28479021bba
7575_10.h5	91150560	c4b8208650b846aa11642f7c4c7ca32f54a148f34d45c236e0dc5da57f190d29
7575_15.h5	91989321	64c930a56b232294863d93e416a84348f1f883360524fd367c684c88bb2c1dde
7575_20.h5	97127146	128a35ce4c65abfb06df53e9f3ff4352b000511b41233a71a8a0d472f2a78ec4
7575_5.h5	88996419	6199ff008a258d9b13517a0597657b364cfcdbd66e106d4ea4e3b97ce5fdafae
8850_0.h5	89382923	8610464c8424322a8329edad6d22799ad92cd0ba1ea15430fb959458e93ff9fe
8850_10.h5	91464323	7ed51290a7a867a360dabf50222d31100d9bda273670f1e5f94d2922ffaf8767
8850_15.h5	91861677	cc83348e23260c99b0c1cd063f04696dc5e83c664c1f002f9c94d632a0d1c983
8850_20.h5	97136140	570e78158aa8f6d774363a5dc123a816101b2a696b098b8082fae39d4bfdd182
8850_5.h5	88897136	6ed59c2493db00c8a3500dc92f4df89c532d3e0c87d5ae960b4d2e73c615e565
