model,description,original_arm,trajectory,windows,rel_l2,u_rmse,v_rmse,tke_rel_l2,mean_field_rel_l2,fluctuation_rel_l2,tke_field_rel_l2,tke_energy_ratio,delta_rel_l2_vs_current80,delta_tke_vs_current80,delta_mean_field_vs_current80,delta_fluctuation_vs_current80
current_80pt_residual,同事当前80分原始残差模型,BASELINE,10125_0.h5,29,0.039473346118509,0.0043520013142145,0.0026640770662666,0.3946454390939611,0.0205854124910575,0.7435619303757974,0.3946454390939611,0.7707697837625558,0.0,0.0,0.0,0.0
current_80pt_residual,同事当前80分原始残差模型,BASELINE,10125_15.h5,42,0.0840463507616585,0.0090562776316017,0.0049578146775652,0.4492140011522407,0.0485600684494889,0.6836352451993303,0.4492140011522407,0.7660910508013381,0.0,0.0,0.0,0.0
current_80pt_residual,同事当前80分原始残差模型,BASELINE,11400_5.h5,42,0.0416795036510729,0.005438398597044,0.0027311544188142,0.4777668390300102,0.0213177080960389,0.8707973193997557,0.4777668390300102,0.7445697338943538,0.0,0.0,0.0,0.0
current_80pt_residual,同事当前80分原始残差模型,BASELINE,19050_0.h5,42,0.0485593866314727,0.0099499190425333,0.0060358831298004,0.474419939148181,0.0221381137242449,1.0067278863807407,0.474419939148181,0.760482061081093,0.0,0.0,0.0,0.0
current_80pt_residual,同事当前80分原始残差模型,BASELINE,20325_10.h5,42,0.075096165523575,0.0174285865410564,0.006389941503047,0.4868789631346559,0.0381459653728234,0.8098421183135128,0.4868789631346559,0.729109427208693,0.0,0.0,0.0,0.0
current_80pt_residual,同事当前80分原始残差模型,BASELINE,20325_20.h5,42,0.0984538384865141,0.0201003052621302,0.0123138000689858,0.425883672958206,0.0520232296685315,0.7112820918684073,0.425883672958206,0.7828806333361953,0.0,0.0,0.0,0.0
current_80pt_residual,同事当前80分原始残差模型,BASELINE,21600_15.h5,42,0.097099085570759,0.0221564484405473,0.0083131393168588,0.4630434541008028,0.0505791650534114,0.7296208632247799,0.4630434541008028,0.6759405753440679,0.0,0.0,0.0,0.0
current_80pt_residual,同事当前80分原始残差模型,BASELINE,21600_5.h5,23,0.0451171918531792,0.0106806068242352,0.0056252061469024,0.4741040350809953,0.0200890519485302,1.0715885550422488,0.4741040350809953,0.7828473691231664,0.0,0.0,0.0,0.0
current_80pt_residual,同事当前80分原始残差模型,BASELINE,22875_15.h5,42,0.1023978554147315,0.024711550659264,0.0086618243301103,0.500962024606945,0.0512392470894135,0.7866739168028767,0.500962024606945,0.6679400122939808,0.0,0.0,0.0,0.0
current_80pt_residual,同事当前80分原始残差模型,BASELINE,25425_20.h5,42,0.1265370174158414,0.0329000455345532,0.0134494950150239,0.5710335307133523,0.0682399230408445,0.7312056005286868,0.5710335307133523,0.6047047295466346,0.0,0.0,0.0,0.0
current_80pt_residual,同事当前80分原始残差模型,BASELINE,26700_10.h5,42,0.100094289906317,0.030131849454963,0.007702079944771,0.5248274758601125,0.0509018900738321,0.7816980821913155,0.5248274758601125,0.5944776454550342,0.0,0.0,0.0,0.0
current_80pt_residual,同事当前80分原始残差模型,BASELINE,3750_0.h5,42,0.0449464288816854,0.0020353125715341,0.0010869290240133,0.3107837267785178,0.0246843635568625,0.6084701207018997,0.3107837267785178,0.7775194636584913,0.0,0.0,0.0,0.0
current_80pt_residual,同事当前80分原始残差模型,BASELINE,6300_0.h5,42,0.0429174438301365,0.0029914269467538,0.0017928742399505,0.1809882895499786,0.0235644360160797,0.414003477958588,0.1809882895499786,0.908847243670732,0.0,0.0,0.0,0.0
current_80pt_residual,同事当前80分原始残差模型,BASELINE,6300_20.h5,42,0.1011532223465959,0.0064675107819676,0.0045228341926496,0.4748030089609948,0.0647969794232825,0.7065728666967944,0.4748030089609948,0.7742198926627272,0.0,0.0,0.0,0.0
current_80pt_residual,同事当前80分原始残差模型,BASELINE,7575_20.h5,42,0.1055973217680755,0.0080306114831687,0.0057336251644433,0.4771671312031169,0.0657610546402634,0.6927839874983331,0.4771671312031169,0.7460225097964837,0.0,0.0,0.0,0.0
current_80pt_residual,同事当前80分原始残差模型,BASELINE,8850_20.h5,42,0.1049136019193708,0.0092148049368846,0.0065084632138167,0.4944220534835626,0.0640655769157087,0.7106927775974815,0.4944220534835626,0.723958310436171,0.0,0.0,0.0,0.0
original_loss_continuation,原训练目标 / TKE权重0.06 / 固定时间窗口 / 继续训练5000步,R0,10125_0.h5,29,0.039372480140451,0.0043393489366645,0.0026603173187103,0.393335175185282,0.0205390370918685,0.7415707660568551,0.393335175185282,0.7704307253845062,-0.00010086597805800124,-0.0013102639086791101,-4.6375399189002575e-05,-0.0019911643189423067
original_loss_continuation,原训练目标 / TKE权重0.06 / 固定时间窗口 / 继续训练5000步,R0,10125_15.h5,42,0.0838883451728626,0.0090369739770228,0.0049511715707747,0.4499774471275069,0.0484676299969734,0.6823674015464258,0.4499774471275069,0.7600131556203651,-0.00015800558879590365,0.0007634459752662304,-9.243845251550448e-05,-0.0012678436529044435
original_loss_continuation,原训练目标 / TKE权重0.06 / 固定时间窗口 / 继续训练5000步,R0,11400_5.h5,42,0.0414689994285302,0.0054123875012343,0.0027155918741978,0.4785983462953521,0.0212911098387631,0.8652504329394223,0.4785983462953521,0.7364068055819412,-0.0002105042225426998,0.0008315072653418687,-2.6598257275800563e-05,-0.005546886460333411
original_loss_continuation,原训练目标 / TKE权重0.06 / 固定时间窗口 / 继续训练5000步,R0,19050_0.h5,42,0.0482908265640918,0.0099040654905346,0.0059884817202366,0.4759959601017809,0.0220142054481996,1.0012280852502715,0.4759959601017809,0.7475062368630075,-0.00026856006738089355,0.0015760209535999326,-0.00012390827604530016,-0.005499801130469217
original_loss_continuation,原训练目标 / TKE权重0.06 / 固定时间窗口 / 继续训练5000步,R0,20325_10.h5,42,0.074885098705078,0.0173816098814495,0.0063698471016426,0.4891554672867125,0.0380644799375524,0.8074161050401697,0.4891554672867125,0.7229448007672927,-0.00021106681849700215,0.002276504152056602,-8.1485435270999e-05,-0.0024260132733431305
original_loss_continuation,原训练目标 / TKE权重0.06 / 固定时间窗口 / 继续训练5000步,R0,20325_20.h5,42,0.0983412250914648,0.0200849965641919,0.0122894789377516,0.4261029159961906,0.0520239806805497,0.7100620789337255,0.4261029159961906,0.7779567994754112,-0.00011261339504929635,0.00021924303798459555,7.510120181991597e-07,-0.001220012934681769
original_loss_continuation,原训练目标 / TKE权重0.06 / 固定时间窗口 / 继续训练5000步,R0,21600_15.h5,42,0.0969439655798085,0.0221293538080468,0.0082852421728464,0.4641988745645736,0.0505691444741486,0.728061899692967,0.4641988745645736,0.6704684033070446,-0.00015511999095049744,0.0011554204637708176,-1.0020579262803864e-05,-0.0015589635318129513
original_loss_continuation,原训练目标 / TKE权重0.06 / 固定时间窗口 / 继续训练5000步,R0,21600_5.h5,23,0.0448342106443951,0.0106359177813094,0.0055457440425101,0.4790965174102899,0.0200221261704834,1.0639307634654749,0.4790965174102899,0.7605486343259036,-0.0002829812087841027,0.004992482329294612,-6.692577804679953e-05,-0.007657791576773931
original_loss_continuation,原训练目标 / TKE权重0.06 / 固定时间窗口 / 继续训练5000步,R0,22875_15.h5,42,0.1023443657797687,0.0247116982444189,0.0086206022401897,0.5021353231954245,0.051286155156773,0.7858648411425759,0.5021353231954245,0.6647124592453204,-5.3489634962794463e-05,0.0011732985884795877,4.690806735949821e-05,-0.000809075660300751
original_loss_continuation,原训练目标 / TKE权重0.06 / 固定时间窗口 / 继续训练5000步,R0,25425_20.h5,42,0.1263171678621692,0.0328434189162643,0.0134298895281174,0.572297455347389,0.0679989024288851,0.7304212326351632,0.572297455347389,0.6013159153724038,-0.00021984955367218562,0.0012639246340366839,-0.00024102061195940827,-0.000784367893523541
original_loss_continuation,原训练目标 / TKE权重0.06 / 固定时间窗口 / 继续训练5000步,R0,26700_10.h5,42,0.0999292579868333,0.0300878976329135,0.007659104232624,0.527649041859399,0.0508993708259234,0.7799481422878513,0.527649041859399,0.5895923676925618,-0.00016503191948369356,0.0028215659992865127,-2.519247908699951e-06,-0.0017499399034642815
original_loss_continuation,原训练目标 / TKE权重0.06 / 固定时间窗口 / 继续训练5000步,R0,3750_0.h5,42,0.044761725529056,0.0020274631401502,0.0010823772872169,0.3129034220458598,0.0246172825278,0.6055498699486166,0.3129034220458598,0.7707776536657607,-0.00018470335262939924,0.0021196952673420144,-6.708102906250249e-05,-0.00292025075328306
original_loss_continuation,原训练目标 / TKE权重0.06 / 固定时间窗口 / 继续训练5000步,R0,6300_0.h5,42,0.0427476309486476,0.0029794642608557,0.0017863460028516,0.1808735341769122,0.0234102215583766,0.4128209421620604,0.1808735341769122,0.9068889269840326,-0.00016981288148890106,-0.00011475537306637751,-0.00015421445770310085,-0.0011825357965276062
original_loss_continuation,原训练目标 / TKE权重0.06 / 固定时间窗口 / 继续训练5000步,R0,6300_20.h5,42,0.1009708261941862,0.0064527091818181,0.0045189942097056,0.4760825530784259,0.064733096544508,0.7048001568006755,0.4760825530784259,0.7672379770736201,-0.0001823961524097112,0.0012795441174310862,-6.388287877449883e-05,-0.0017727098961188847
original_loss_continuation,原训练目标 / TKE权重0.06 / 固定时间窗口 / 继续训练5000步,R0,7575_20.h5,42,0.105397572187463,0.0080113548120815,0.0057294630310415,0.4782525119626311,0.0657131147346006,0.6909967028671783,0.4782525119626311,0.7370842523090793,-0.0001997495806125016,0.0010853807595141984,-4.7939905662791604e-05,-0.0017872846311548507
original_loss_continuation,原训练目标 / TKE权重0.06 / 固定时间窗口 / 继续训练5000步,R0,8850_20.h5,42,0.1046962898363353,0.0091971490957371,0.0064929287333742,0.4945433756597949,0.0640040468895839,0.7087268182463283,0.4945433756597949,0.7183078962755253,-0.00021731208303549243,0.0001213221762322858,-6.153002612480085e-05,-0.001965959351153179
tke_weight_0p09,TKE损失权重0.09 / 固定时间窗口 / 继续训练5000步,R1,10125_0.h5,29,0.0398765168631408,0.0043679345021883,0.0027374243293226,0.381644168700454,0.0206104957157444,0.7537573716575032,0.381644168700454,0.7954812941457157,0.00040317074463180197,-0.013001270393507125,2.508322468689969e-05,0.010195441281705797
tke_weight_0p09,TKE损失权重0.09 / 固定时间窗口 / 继续训练5000步,R1,10125_15.h5,42,0.0847298149233153,0.009102336496803,0.0050454229564445,0.4360828744926823,0.0485737490135432,0.6921101580739716,0.4360828744926823,0.792758236599865,0.0006834641616567938,-0.0131311266595584,1.368056405429835e-05,0.008474912874641305
tke_weight_0p09,TKE损失权重0.09 / 固定时间窗口 / 继续训练5000步,R1,11400_5.h5,42,0.0420821159322483,0.0054414164207958,0.0028546924949684,0.4638491074960011,0.0213831083968722,0.8813258613967461,0.4638491074960011,0.7789594488497967,0.000402612281175406,-0.013917731534009103,6.540030083329942e-05,0.010528541996990382
tke_weight_0p09,TKE损失权重0.09 / 固定时间窗口 / 继续训练5000步,R1,19050_0.h5,42,0.0490026685848636,0.0099502211372834,0.0062372722827789,0.4633656064406385,0.0221128170784742,1.0188108933703708,0.4633656064406385,0.792550334758272,0.00044328195339090465,-0.011054332707542469,-2.5296645770701842e-05,0.012083006989630052
tke_weight_0p09,TKE损失权重0.09 / 固定时间窗口 / 继续训练5000步,R1,20325_10.h5,42,0.0763492368931429,0.0175648464994401,0.006896704931943,0.464835844713848,0.0382532959698575,0.8276256893723765,0.464835844713848,0.7814809021293535,0.0012530713695678986,-0.022043118420807917,0.00010733059703409847,0.017783571058863634
tke_weight_0p09,TKE损失权重0.09 / 固定时间窗口 / 继续训练5000步,R1,20325_20.h5,42,0.0993368427540577,0.0202691291446149,0.012439215917042,0.4124139756372973,0.0522051868952882,0.7195687639803402,0.4124139756372973,0.8117214312792992,0.0008830042675436051,-0.013469697320908691,0.00018195722675670017,0.008286672111932902
tke_weight_0p09,TKE损失权重0.09 / 固定时间窗口 / 继续训练5000步,R1,21600_15.h5,42,0.0982232194161757,0.0223449561328915,0.0085876996352411,0.4423070328616417,0.0507777641006172,0.7403313366323523,0.4423070328616417,0.7153600620562988,0.0011241338454167082,-0.020736421239161085,0.00019859904720579552,0.010710473407572363
tke_weight_0p09,TKE损失权重0.09 / 固定时间窗口 / 继续训练5000步,R1,21600_5.h5,23,0.0456829351114028,0.0107058763079531,0.0058938904589576,0.4636027074797974,0.0201616048365908,1.0872784863234544,0.4636027074797974,0.8240006780008797,0.0005657432582235958,-0.010501327601197874,7.255288806060078e-05,0.01568993128120555
tke_weight_0p09,TKE损失权重0.09 / 固定时间窗口 / 继续训练5000步,R1,22875_15.h5,42,0.1037862717940067,0.0249762392648028,0.0089755621136811,0.4805876544571264,0.0515323357044022,0.79962116289256,0.4805876544571264,0.7146610047791871,0.001388416379275198,-0.02037437014981852,0.0002930886149887027,0.01294724608968334
tke_weight_0p09,TKE损失权重0.09 / 固定时间窗口 / 继续训练5000步,R1,25425_20.h5,42,0.1272621467346971,0.0330452453958793,0.0136322642028693,0.5547137779533491,0.0683476460051903,0.7368895031794508,0.5547137779533491,0.6350615901166933,0.0007251293188557106,-0.016319752760003192,0.0001077229643458022,0.005683902650764017
tke_weight_0p09,TKE损失权重0.09 / 固定时间窗口 / 继续训练5000步,R1,26700_10.h5,42,0.101237125333727,0.0303606858361018,0.0082145006429194,0.5061917626761728,0.0512189932735769,0.7923205367227837,0.5061917626761728,0.6334052198760531,0.001142835427410005,-0.01863571318393964,0.00031710319974480317,0.01062245453146815
tke_weight_0p09,TKE损失权重0.09 / 固定时间窗口 / 继续训练5000步,R1,3750_0.h5,42,0.0453500427568247,0.002042262476888,0.0011178552479666,0.3028548798857344,0.0247228550288838,0.6158447185189926,0.3028548798857344,0.7906663894550653,0.0004036138751392984,-0.007928846892783392,3.8491472021298656e-05,0.007374597817092932
tke_weight_0p09,TKE损失权重0.09 / 固定时间窗口 / 继续训练5000步,R1,6300_0.h5,42,0.0432629634028669,0.002999222312723,0.0018341441399772,0.1779772951530625,0.0235539188889454,0.4188355317361917,0.1779772951530625,0.916943800638434,0.0003455195727304003,-0.0030109943969161,-1.0517127134301169e-05,0.0048320537776037065
tke_weight_0p09,TKE损失权重0.09 / 固定时间窗口 / 继续训练5000步,R1,6300_20.h5,42,0.1019029754602808,0.0064998963589027,0.0045776908722489,0.4638586992514513,0.0649326815799985,0.7143334568129955,0.4638586992514513,0.8053725921709782,0.0007497531136849006,-0.01094430970954352,0.00013570215671600272,0.007760590116201116
tke_weight_0p09,TKE损失权重0.09 / 固定时间窗口 / 继续训练5000步,R1,7575_20.h5,42,0.106306803097418,0.0080672336648994,0.0057955363653956,0.4654719633866025,0.0659192976103201,0.6994858600624905,0.4654719633866025,0.771922925125364,0.0007094813293424956,-0.011695167816514362,0.0001582429700567045,0.00670187256415733
tke_weight_0p09,TKE损失权重0.09 / 固定时间窗口 / 继续训练5000步,R1,8850_20.h5,42,0.1056298122784297,0.0092651516370616,0.0065695517400347,0.4793599452735079,0.0642163574336337,0.7175212923742206,0.4793599452735079,0.7546572570120412,0.0007162103590589025,-0.015062108210054714,0.0001507805179249977,0.00682851477673907
tke_weight_0p12,TKE损失权重0.12 / 固定时间窗口 / 继续训练5000步,R2,10125_0.h5,29,0.0402387703080725,0.0043903371143118,0.0027893149546069,0.3754875179871568,0.0206778880807059,0.762234566221848,0.3754875179871568,0.8111314379955711,0.0007654241895634975,-0.01915792110680431,9.247558964839767e-05,0.01867263584605061
tke_weight_0p12,TKE损失权重0.12 / 固定时间窗口 / 继续训练5000步,R2,10125_15.h5,42,0.0854740907498688,0.0091442883218807,0.0051561821273115,0.4273334659634931,0.0486775073580279,0.7005560710660813,0.4273334659634931,0.8153808088239933,0.0014277399882102887,-0.021880535188747607,0.00011743890853899847,0.016920825866751033
tke_weight_0p12,TKE损失权重0.12 / 固定时间窗口 / 继续训练5000步,R2,11400_5.h5,42,0.0424741259218025,0.0054605204167942,0.0029404674716779,0.4571253056279425,0.0214633399878577,0.8912679459298497,0.4571253056279425,0.803662108065593,0.0007946222707296002,-0.020641533402067702,0.0001456318918187996,0.020470626530094016
tke_weight_0p12,TKE损失权重0.12 / 固定时间窗口 / 继续训练5000步,R2,19050_0.h5,42,0.0494166058639527,0.0099787979534061,0.0063767006133303,0.4580124438600715,0.0222057013486573,1.0285865022801512,0.4580124438600715,0.8160012954695532,0.0008572192324800068,-0.016407495288109475,6.758762441239768e-05,0.021858615899410516
tke_weight_0p12,TKE损失权重0.12 / 固定时间窗口 / 继续训练5000步,R2,20325_10.h5,42,0.0775364928705735,0.017675828563539,0.0073962839419663,0.4509443180262983,0.038402209784331,0.8438923619472357,0.4509443180262983,0.821558396014585,0.0024403273469985054,-0.03593464510835759,0.0002562444115076015,0.03405024363372289
tke_weight_0p12,TKE损失权重0.12 / 固定时间窗口 / 继续训练5000步,R2,20325_20.h5,42,0.1003069802934211,0.0204151974848211,0.012636815126418,0.4024766759738359,0.0524044917555818,0.7286086064592001,0.4024766759738359,0.8367160584756416,0.0018531418069070021,-0.0234069969843701,0.00038126208705030473,0.01732651459079282
tke_weight_0p12,TKE损失权重0.12 / 固定时间窗口 / 继续训练5000步,R2,21600_15.h5,42,0.0995931154833127,0.0225122310697864,0.0090637997759069,0.4259392249368116,0.0509981373845432,0.7533940343740121,0.4259392249368116,0.7498859984774656,0.002494029912553708,-0.0371042291639912,0.00041897233113179916,0.023773171149232164
tke_weight_0p12,TKE损失权重0.12 / 固定时间窗口 / 继续训练5000步,R2,21600_5.h5,23,0.0461896644125856,0.0107425518242025,0.0061045201660092,0.4577877445030969,0.0202873174415064,1.1006052778952395,0.4577877445030969,0.8582999107991797,0.001072472559406401,-0.016316290577898407,0.00019826549297620108,0.02901672285299073
tke_weight_0p12,TKE损失权重0.12 / 固定时间窗口 / 继续训练5000步,R2,22875_15.h5,42,0.1053073606756084,0.0251832927591508,0.0095314012342626,0.464239876187812,0.0517843147687529,0.8140872058704222,0.464239876187812,0.7537286601413026,0.00290950526087691,-0.03672214841913296,0.0005450676793394005,0.027413289067545477
tke_weight_0p12,TKE损失权重0.12 / 固定时间窗口 / 继续训练5000步,R2,25425_20.h5,42,0.1283512028563656,0.0332455583440058,0.0139408157417127,0.5404573682749658,0.0687003246090113,0.7444634070860182,0.5404573682749658,0.661742520212918,0.0018141854405241964,-0.030576162438386456,0.00046040156816680444,0.013257806557331442
tke_weight_0p12,TKE损失权重0.12 / 固定时间窗口 / 继续训练5000步,R2,26700_10.h5,42,0.102575623710516,0.030582477625392,0.0089495451211063,0.4901948621904318,0.0514995691543638,0.8051704123600312,0.4901948621904318,0.6684987790625138,0.0024813338041990013,-0.03463261366968068,0.0005976790805317031,0.02347233016871564
tke_weight_0p12,TKE损失权重0.12 / 固定时间窗口 / 继续训练5000步,R2,3750_0.h5,42,0.0458148538935736,0.0020510567885419,0.0011508832513657,0.2977987715583522,0.0248478779562207,0.623500835710769,0.2977987715583522,0.8039368034670112,0.0008684250118881978,-0.012984955220165573,0.0001635143993581993,0.015030715008869322
tke_weight_0p12,TKE损失权重0.12 / 固定时间窗口 / 继续训练5000步,R2,6300_0.h5,42,0.0437123407374351,0.003015289003597,0.0018772728700956,0.1763558226173425,0.0236910243729014,0.4239841817796512,0.1763558226173425,0.9238243811766026,0.0007948969072986006,-0.004632466932636081,0.00012658835682169758,0.009980703821063197
tke_weight_0p12,TKE损失权重0.12 / 固定时间窗口 / 继续训练5000步,R2,6300_20.h5,42,0.1028981774545981,0.0065373003723678,0.004658470339033,0.4550720616606917,0.065138956052873,0.7245279315912839,0.4550720616606917,0.8339383681390857,0.0017449551080021969,-0.019730947300303114,0.00034197662959049857,0.017955064894489503
tke_weight_0p12,TKE损失权重0.12 / 固定时间窗口 / 继续训练5000步,R2,7575_20.h5,42,0.1072601359989173,0.0081102267175015,0.0058862704344659,0.456104007195404,0.0661202311122304,0.7084391987013365,0.456104007195404,0.7977625370888605,0.0016628142308418026,-0.021063124007712875,0.000359176471966996,0.015655211203003394
tke_weight_0p12,TKE损失权重0.12 / 固定时间窗口 / 继续训练5000步,R2,8850_20.h5,42,0.1066198418776044,0.0093177981738699,0.0066782602262458,0.4680906086941552,0.0644298273967365,0.7268322722916223,0.4680906086941552,0.782175309162512,0.0017062399582336019,-0.02633144478940741,0.00036425048102779745,0.016139494694140777
random_temporal_phase,TKE权重0.06 / 随机时间窗口起点 / 继续训练5000步,R3,10125_0.h5,29,0.0394677889414024,0.0043496633216824,0.0026672212730319,0.4102810174311752,0.0206980307304564,0.7419156701686113,0.4102810174311752,0.7520177905805981,-5.5571771066034725e-06,0.015635578337214073,0.00011261823939889837,-0.0016462602071861676
random_temporal_phase,TKE权重0.06 / 随机时间窗口起点 / 继续训练5000步,R3,10125_15.h5,42,0.0842698802022659,0.009082942576035,0.0049654849387589,0.4622527787714716,0.0490486140741752,0.682825168452436,0.4622527787714716,0.7466252750313466,0.00022352944060739788,0.01303877761923089,0.0004885456246862957,-0.0008100767468942616
random_temporal_phase,TKE权重0.06 / 随机时间窗口起点 / 继续训练5000步,R3,11400_5.h5,42,0.0414207216198733,0.0054094709925055,0.0027074659837363,0.4955839659575438,0.0213863121652332,0.8622648059117007,0.4955839659575438,0.7160073396752551,-0.00025878203119959753,0.017817126927533566,6.860406919429948e-05,-0.00853251348805495
random_temporal_phase,TKE权重0.06 / 随机时间窗口起点 / 继续训练5000步,R3,19050_0.h5,42,0.0482634010974727,0.0098500556256585,0.0060637125767556,0.492514032496094,0.0220423791264961,1.0002299319110914,0.492514032496094,0.7269487841536509,-0.0002959855339999956,0.01809409334791301,-9.573459774880194e-05,-0.006497954469649292
random_temporal_phase,TKE权重0.06 / 随机时间窗口起点 / 继续训练5000步,R3,20325_10.h5,42,0.0753080217585217,0.0174930812359581,0.006385376487259,0.5055109869796999,0.0383826251521865,0.8106642872657353,0.5055109869796999,0.7085043916779642,0.00021185623494671124,0.018632023845043977,0.000236659779363102,0.000822168952222424
random_temporal_phase,TKE权重0.06 / 随机时间窗口起点 / 继续训练5000步,R3,20325_20.h5,42,0.0993459980948687,0.0203132340515283,0.0123772366654224,0.4460423605522582,0.0530357491942176,0.7142821467595993,0.4460423605522582,0.7555856455045119,0.0008921596083546063,0.020158687594052205,0.0010125195256861022,0.003000054891192039
random_temporal_phase,TKE权重0.06 / 随机时间窗口起点 / 继续训练5000步,R3,21600_15.h5,42,0.0973770825353026,0.0222531785331807,0.0082489778785493,0.4763890041677077,0.0511339977478577,0.7293238007167832,0.4763890041677077,0.6541205846144172,0.00027799696454360034,0.01334555006690491,0.0005548326944462972,-0.00029706250799677036
random_temporal_phase,TKE权重0.06 / 随机时间窗口起点 / 继续训练5000步,R3,21600_5.h5,23,0.0450914021172174,0.0106141750064262,0.0057304542742504,0.5056995113188709,0.0201373255627422,1.070125577783133,0.5056995113188709,0.7400963153108936,-2.5789735961803673e-05,0.03159547623787562,4.827361421200216e-05,-0.0014629772591157053
random_temporal_phase,TKE权重0.06 / 随机时间窗口起点 / 继续训练5000步,R3,22875_15.h5,42,0.1026967143796943,0.0248318683290865,0.0085576999612391,0.5151412221034027,0.0514945188801008,0.7882689136934035,0.5151412221034027,0.6499004467285247,0.0002988589649628032,0.014179197496457796,0.0002552717906873017,0.0015949968905267786
random_temporal_phase,TKE权重0.06 / 随机时间窗口起点 / 继续训练5000步,R3,25425_20.h5,42,0.1276883296759975,0.0332505564554979,0.013433206511574,0.5806673691310915,0.0691680778219582,0.736345589220023,0.5806673691310915,0.5912222576295407,0.0011513122601561065,0.009633838417739238,0.000928154781113702,0.00513998869133625
random_temporal_phase,TKE权重0.06 / 随机时间窗口起点 / 继续训练5000步,R3,26700_10.h5,42,0.1012598393647243,0.0305591796745274,0.0075315514913253,0.5391018863367719,0.0519461174246826,0.7881168147337989,0.5391018863367719,0.5806383013626133,0.0011655494584073,0.01427441047665945,0.0010442273508505032,0.006418732542483374
random_temporal_phase,TKE权重0.06 / 随机时间窗口起点 / 继续训练5000步,R3,3750_0.h5,42,0.0447364386575042,0.0020273143071532,0.0010807044946945,0.3230671027592237,0.0248425360641835,0.60247993962896,0.3230671027592237,0.7643204031027769,-0.00020999022418120156,0.01228337598070589,0.00015817250732099927,-0.005990181072939693
random_temporal_phase,TKE权重0.06 / 随机时间窗口起点 / 继续训练5000步,R3,6300_0.h5,42,0.0428133261734592,0.0029816391287997,0.0017930153835414,0.1840956610815253,0.0234804788306175,0.41320193081896,0.1840956610815253,0.9080958860175242,-0.0001041176566773036,0.003107371531546721,-8.395718546220024e-05,-0.0008015471396279894
random_temporal_phase,TKE权重0.06 / 随机时间窗口起点 / 继续训练5000步,R3,6300_20.h5,42,0.1013551168030932,0.0064751066488629,0.0045405996898257,0.4871313143240603,0.0652491019855632,0.7054422678470118,0.4871313143240603,0.7573297691606994,0.00020189445649729243,0.012328305363065506,0.00045212256228070735,-0.0011305988497826158
random_temporal_phase,TKE权重0.06 / 随机时间窗口起点 / 继续训练5000步,R3,7575_20.h5,42,0.1061429485486233,0.0080704306955699,0.0057680892735853,0.4908300412000334,0.0665582307199339,0.6932705296369326,0.4908300412000334,0.7256355844463735,0.0005456267805478004,0.013662909996916495,0.000797176079670503,0.00048654213859944395
random_temporal_phase,TKE权重0.06 / 随机时间窗口起点 / 继续训练5000步,R3,8850_20.h5,42,0.105419522282459,0.0092568111972281,0.0065434637990794,0.5087934033624755,0.0648731696216955,0.7108803879439078,0.5087934033624755,0.7079987496692731,0.0005059203630882053,0.014371349878912865,0.0008075927059867927,0.00018761034642633678
